"date","count"
2006-04-01,122
2007-04-01,108
2008-04-01,152
2009-04-01,119
2010-04-01,149
2011-04-01,136
2012-04-01,151
2013-04-01,158
2014-04-01,143
2015-04-01,153
2016-04-01,141
2017-04-01,152
2018-04-01,165
2019-04-01,173
2020-04-01,163
2021-04-01,217
2006-08-01,139
2007-08-01,124
2008-08-01,117
2009-08-01,111
2010-08-01,154
2011-08-01,132
2012-08-01,148
2013-08-01,188
2014-08-01,154
2015-08-01,156
2016-08-01,155
2017-08-01,179
2018-08-01,155
2019-08-01,167
2020-08-01,221
2006-12-01,147
2007-12-01,128
2008-12-01,160
2009-12-01,141
2010-12-01,150
2011-12-01,152
2012-12-01,159
2013-12-01,159
2014-12-01,150
2015-12-01,196
2016-12-01,145
2017-12-01,168
2018-12-01,188
2019-12-01,171
2020-12-01,195
2006-02-01,126
2007-02-01,140
2008-02-01,166
2009-02-01,160
2010-02-01,160
2011-02-01,172
2012-02-01,173
2013-02-01,166
2014-02-01,149
2015-02-01,154
2016-02-01,163
2017-02-01,196
2018-02-01,218
2019-02-01,192
2020-02-01,176
2021-02-01,198
2006-01-01,151
2007-01-01,151
2008-01-01,112
2009-01-01,149
2010-01-01,197
2011-01-01,194
2012-01-01,186
2013-01-01,155
2014-01-01,183
2015-01-01,187
2016-01-01,185
2017-01-01,184
2018-01-01,202
2019-01-01,187
2020-01-01,212
2021-01-01,191
2006-07-01,107
2007-07-01,126
2008-07-01,134
2009-07-01,126
2010-07-01,107
2011-07-01,144
2012-07-01,115
2013-07-01,138
2014-07-01,155
2015-07-01,163
2016-07-01,153
2017-07-01,184
2018-07-01,169
2019-07-01,201
2020-07-01,206
2006-06-01,103
2007-06-01,153
2008-06-01,106
2009-06-01,150
2010-06-01,165
2011-06-01,130
2012-06-01,270
2013-06-01,136
2014-06-01,206
2015-06-01,171
2016-06-01,146
2017-06-01,205
2018-06-01,196
2019-06-01,183
2020-06-01,274
2021-06-01,275
2006-03-01,114
2007-03-01,119
2008-03-01,137
2009-03-01,150
2010-03-01,167
2011-03-01,184
2012-03-01,139
2013-03-01,159
2014-03-01,162
2015-03-01,172
2016-03-01,142
2017-03-01,157
2018-03-01,182
2019-03-01,215
2020-03-01,151
2021-03-01,185
2006-05-01,136
2007-05-01,125
2008-05-01,164
2009-05-01,124
2010-05-01,126
2011-05-01,134
2012-05-01,139
2013-05-01,179
2014-05-01,144
2015-05-01,157
2016-05-01,158
2017-05-01,164
2018-05-01,158
2019-05-01,166
2020-05-01,134
2021-05-01,523
2006-11-01,180
2007-11-01,138
2008-11-01,163
2009-11-01,142
2010-11-01,156
2011-11-01,139
2012-11-01,160
2013-11-01,140
2014-11-01,182
2015-11-01,170
2016-11-01,158
2017-11-01,166
2018-11-01,186
2019-11-01,220
2020-11-01,209
2006-10-01,154
2007-10-01,131
2008-10-01,134
2009-10-01,115
2010-10-01,139
2011-10-01,134
2012-10-01,159
2013-10-01,166
2014-10-01,159
2015-10-01,154
2016-10-01,155
2017-10-01,193
2018-10-01,170
2019-10-01,170
2020-10-01,206
2006-09-01,118
2007-09-01,108
2008-09-01,135
2009-09-01,127
2010-09-01,161
2011-09-01,124
2012-09-01,163
2013-09-01,140
2014-09-01,196
2015-09-01,145
2016-09-01,142
2017-09-01,180
2018-09-01,154
2019-09-01,143
2020-09-01,277
2006-04-02,103
2007-04-02,117
2008-04-02,142
2009-04-02,125
2010-04-02,147
2011-04-02,117
2012-04-02,108
2013-04-02,156
2014-04-02,163
2015-04-02,137
2016-04-02,177
2017-04-02,145
2018-04-02,158
2019-04-02,161
2020-04-02,140
2021-04-02,226
2006-08-02,113
2007-08-02,104
2008-08-02,124
2009-08-02,111
2010-08-02,164
2011-08-02,150
2012-08-02,133
2013-08-02,163
2014-08-02,137
2015-08-02,136
2016-08-02,120
2017-08-02,131
2018-08-02,154
2019-08-02,184
2020-08-02,203
2006-12-02,145
2007-12-02,145
2008-12-02,131
2009-12-02,133
2010-12-02,138
2011-12-02,172
2012-12-02,165
2013-12-02,158
2014-12-02,182
2015-12-02,258
2016-12-02,159
2017-12-02,153
2018-12-02,171
2019-12-02,194
2020-12-02,204
2006-02-02,169
2007-02-02,156
2008-02-02,143
2009-02-02,153
2010-02-02,152
2011-02-02,164
2012-02-02,145
2013-02-02,144
2014-02-02,151
2015-02-02,159
2016-02-02,186
2017-02-02,162
2018-02-02,200
2019-02-02,179
2020-02-02,204
2021-02-02,184
2006-01-02,147
2007-01-02,147
2008-01-02,138
2009-01-02,157
2010-01-02,183
2011-01-02,175
2012-01-02,201
2013-01-02,150
2014-01-02,174
2015-01-02,173
2016-01-02,186
2017-01-02,210
2018-01-02,200
2019-01-02,176
2020-01-02,169
2021-01-02,212
2006-07-02,118
2007-07-02,128
2008-07-02,111
2009-07-02,116
2010-07-02,132
2011-07-02,122
2012-07-02,122
2013-07-02,131
2014-07-02,128
2015-07-02,128
2016-07-02,157
2017-07-02,170
2018-07-02,169
2019-07-02,166
2020-07-02,212
2006-06-02,127
2007-06-02,114
2008-06-02,141
2009-06-02,176
2010-06-02,189
2011-06-02,142
2012-06-02,246
2013-06-02,135
2014-06-02,187
2015-06-02,152
2016-06-02,167
2017-06-02,189
2018-06-02,174
2019-06-02,200
2020-06-02,266
2021-06-02,261
2006-03-02,117
2007-03-02,137
2008-03-02,161
2009-03-02,154
2010-03-02,128
2011-03-02,148
2012-03-02,153
2013-03-02,157
2014-03-02,150
2015-03-02,165
2016-03-02,145
2017-03-02,161
2018-03-02,141
2019-03-02,195
2020-03-02,160
2021-03-02,188
2006-05-02,171
2007-05-02,125
2008-05-02,175
2009-05-02,130
2010-05-02,130
2011-05-02,156
2012-05-02,137
2013-05-02,148
2014-05-02,135
2015-05-02,155
2016-05-02,146
2017-05-02,136
2018-05-02,154
2019-05-02,180
2020-05-02,166
2021-05-02,523
2006-11-02,129
2007-11-02,145
2008-11-02,157
2009-11-02,160
2010-11-02,157
2011-11-02,147
2012-11-02,195
2013-11-02,149
2014-11-02,154
2015-11-02,185
2016-11-02,144
2017-11-02,157
2018-11-02,196
2019-11-02,235
2020-11-02,207
2006-10-02,125
2007-10-02,120
2008-10-02,116
2009-10-02,118
2010-10-02,138
2011-10-02,152
2012-10-02,159
2013-10-02,165
2014-10-02,136
2015-10-02,137
2016-10-02,126
2017-10-02,193
2018-10-02,169
2019-10-02,184
2020-10-02,257
2006-09-02,156
2007-09-02,140
2008-09-02,137
2009-09-02,119
2010-09-02,169
2011-09-02,171
2012-09-02,135
2013-09-02,180
2014-09-02,164
2015-09-02,136
2016-09-02,142
2017-09-02,192
2018-09-02,121
2019-09-02,158
2020-09-02,229
2006-04-03,114
2007-04-03,127
2008-04-03,122
2009-04-03,110
2010-04-03,157
2011-04-03,154
2012-04-03,150
2013-04-03,168
2014-04-03,135
2015-04-03,128
2016-04-03,163
2017-04-03,161
2018-04-03,167
2019-04-03,161
2020-04-03,123
2021-04-03,217
2006-08-03,128
2007-08-03,121
2008-08-03,127
2009-08-03,144
2010-08-03,151
2011-08-03,141
2012-08-03,164
2013-08-03,180
2014-08-03,128
2015-08-03,142
2016-08-03,156
2017-08-03,157
2018-08-03,116
2019-08-03,150
2020-08-03,195
2006-12-03,154
2007-12-03,135
2008-12-03,151
2009-12-03,169
2010-12-03,155
2011-12-03,161
2012-12-03,164
2013-12-03,148
2014-12-03,171
2015-12-03,215
2016-12-03,163
2017-12-03,157
2018-12-03,196
2019-12-03,179
2020-12-03,206
2006-02-03,152
2007-02-03,131
2008-02-03,133
2009-02-03,152
2010-02-03,142
2011-02-03,166
2012-02-03,156
2013-02-03,158
2014-02-03,178
2015-02-03,171
2016-02-03,169
2017-02-03,175
2018-02-03,196
2019-02-03,187
2020-02-03,206
2021-02-03,191
2006-01-03,148
2007-01-03,127
2008-01-03,131
2009-01-03,164
2010-01-03,156
2011-01-03,170
2012-01-03,187
2013-01-03,155
2014-01-03,171
2015-01-03,206
2016-01-03,194
2017-01-03,209
2018-01-03,191
2019-01-03,180
2020-01-03,195
2021-01-03,198
2006-07-03,129
2007-07-03,131
2008-07-03,136
2009-07-03,111
2010-07-03,140
2011-07-03,142
2012-07-03,131
2013-07-03,147
2014-07-03,192
2015-07-03,148
2016-07-03,149
2017-07-03,185
2018-07-03,146
2019-07-03,137
2020-07-03,228
2006-06-03,125
2007-06-03,126
2008-06-03,130
2009-06-03,130
2010-06-03,195
2011-06-03,144
2012-06-03,253
2013-06-03,178
2014-06-03,177
2015-06-03,141
2016-06-03,160
2017-06-03,210
2018-06-03,174
2019-06-03,183
2020-06-03,269
2021-06-03,224
2006-03-03,113
2007-03-03,136
2008-03-03,148
2009-03-03,132
2010-03-03,148
2011-03-03,152
2012-03-03,157
2013-03-03,154
2014-03-03,179
2015-03-03,154
2016-03-03,176
2017-03-03,154
2018-03-03,165
2019-03-03,177
2020-03-03,190
2021-03-03,205
2006-05-03,121
2007-05-03,122
2008-05-03,144
2009-05-03,152
2010-05-03,146
2011-05-03,179
2012-05-03,132
2013-05-03,183
2014-05-03,136
2015-05-03,152
2016-05-03,160
2017-05-03,130
2018-05-03,161
2019-05-03,194
2020-05-03,169
2021-05-03,667
2006-11-03,168
2007-11-03,133
2008-11-03,157
2009-11-03,121
2010-11-03,137
2011-11-03,141
2012-11-03,162
2013-11-03,161
2014-11-03,140
2015-11-03,187
2016-11-03,144
2017-11-03,207
2018-11-03,190
2019-11-03,217
2020-11-03,246
2006-10-03,145
2007-10-03,140
2008-10-03,140
2009-10-03,128
2010-10-03,129
2011-10-03,135
2012-10-03,161
2013-10-03,144
2014-10-03,135
2015-10-03,142
2016-10-03,159
2017-10-03,188
2018-10-03,147
2019-10-03,187
2020-10-03,222
2006-09-03,168
2007-09-03,127
2008-09-03,130
2009-09-03,112
2010-09-03,141
2011-09-03,150
2012-09-03,159
2013-09-03,141
2014-09-03,143
2015-09-03,157
2016-09-03,134
2017-09-03,159
2018-09-03,175
2019-09-03,182
2020-09-03,219
2006-04-04,126
2007-04-04,125
2008-04-04,113
2009-04-04,153
2010-04-04,140
2011-04-04,181
2012-04-04,154
2013-04-04,144
2014-04-04,132
2015-04-04,148
2016-04-04,151
2017-04-04,160
2018-04-04,138
2019-04-04,158
2020-04-04,149
2021-04-04,237
2006-08-04,135
2007-08-04,119
2008-08-04,141
2009-08-04,138
2010-08-04,153
2011-08-04,127
2012-08-04,135
2013-08-04,155
2014-08-04,141
2015-08-04,124
2016-08-04,151
2017-08-04,145
2018-08-04,146
2019-08-04,170
2020-08-04,205
2006-12-04,124
2007-12-04,136
2008-12-04,137
2009-12-04,148
2010-12-04,133
2011-12-04,140
2012-12-04,146
2013-12-04,199
2014-12-04,184
2015-12-04,242
2016-12-04,173
2017-12-04,176
2018-12-04,179
2019-12-04,179
2020-12-04,205
2006-02-04,152
2007-02-04,117
2008-02-04,140
2009-02-04,170
2010-02-04,148
2011-02-04,148
2012-02-04,162
2013-02-04,174
2014-02-04,160
2015-02-04,143
2016-02-04,186
2017-02-04,160
2018-02-04,205
2019-02-04,179
2020-02-04,171
2021-02-04,190
2006-01-04,146
2007-01-04,178
2008-01-04,148
2009-01-04,146
2010-01-04,152
2011-01-04,170
2012-01-04,182
2013-01-04,176
2014-01-04,174
2015-01-04,149
2016-01-04,190
2017-01-04,168
2018-01-04,207
2019-01-04,202
2020-01-04,174
2021-01-04,193
2006-07-04,147
2007-07-04,150
2008-07-04,140
2009-07-04,120
2010-07-04,143
2011-07-04,144
2012-07-04,150
2013-07-04,147
2014-07-04,163
2015-07-04,176
2016-07-04,159
2017-07-04,192
2018-07-04,166
2019-07-04,156
2020-07-04,212
2006-06-04,119
2007-06-04,131
2008-06-04,126
2009-06-04,185
2010-06-04,208
2011-06-04,153
2012-06-04,234
2013-06-04,151
2014-06-04,184
2015-06-04,127
2016-06-04,129
2017-06-04,200
2018-06-04,190
2019-06-04,206
2020-06-04,286
2021-06-04,199
2006-03-04,123
2007-03-04,127
2008-03-04,123
2009-03-04,136
2010-03-04,155
2011-03-04,172
2012-03-04,176
2013-03-04,143
2014-03-04,178
2015-03-04,182
2016-03-04,159
2017-03-04,160
2018-03-04,171
2019-03-04,169
2020-03-04,166
2021-03-04,182
2006-05-04,129
2007-05-04,139
2008-05-04,177
2009-05-04,146
2010-05-04,139
2011-05-04,190
2012-05-04,170
2013-05-04,152
2014-05-04,153
2015-05-04,131
2016-05-04,162
2017-05-04,156
2018-05-04,138
2019-05-04,178
2020-05-04,131
2021-05-04,667
2006-11-04,138
2007-11-04,125
2008-11-04,183
2009-11-04,139
2010-11-04,143
2011-11-04,161
2012-11-04,173
2013-11-04,166
2014-11-04,186
2015-11-04,184
2016-11-04,166
2017-11-04,197
2018-11-04,207
2019-11-04,254
2020-11-04,217
2006-10-04,140
2007-10-04,126
2008-10-04,143
2009-10-04,128
2010-10-04,143
2011-10-04,172
2012-10-04,149
2013-10-04,165
2014-10-04,154
2015-10-04,131
2016-10-04,153
2017-10-04,185
2018-10-04,145
2019-10-04,174
2020-10-04,212
2006-09-04,165
2007-09-04,149
2008-09-04,130
2009-09-04,125
2010-09-04,154
2011-09-04,158
2012-09-04,163
2013-09-04,151
2014-09-04,148
2015-09-04,162
2016-09-04,164
2017-09-04,211
2018-09-04,180
2019-09-04,192
2020-09-04,227
2006-04-05,94
2007-04-05,119
2008-04-05,145
2009-04-05,116
2010-04-05,140
2011-04-05,107
2012-04-05,142
2013-04-05,158
2014-04-05,142
2015-04-05,149
2016-04-05,154
2017-04-05,193
2018-04-05,160
2019-04-05,170
2020-04-05,138
2021-04-05,184
2006-08-05,109
2007-08-05,129
2008-08-05,127
2009-08-05,134
2010-08-05,170
2011-08-05,145
2012-08-05,134
2013-08-05,146
2014-08-05,152
2015-08-05,137
2016-08-05,145
2017-08-05,166
2018-08-05,146
2019-08-05,183
2020-08-05,199
2006-12-05,148
2007-12-05,125
2008-12-05,150
2009-12-05,151
2010-12-05,151
2011-12-05,161
2012-12-05,160
2013-12-05,188
2014-12-05,197
2015-12-05,188
2016-12-05,158
2017-12-05,182
2018-12-05,167
2019-12-05,185
2020-12-05,206
2006-02-05,163
2007-02-05,174
2008-02-05,151
2009-02-05,131
2010-02-05,147
2011-02-05,147
2012-02-05,157
2013-02-05,168
2014-02-05,148
2015-02-05,188
2016-02-05,173
2017-02-05,183
2018-02-05,207
2019-02-05,185
2020-02-05,163
2021-02-05,168
2006-01-05,159
2007-01-05,155
2008-01-05,142
2009-01-05,146
2010-01-05,178
2011-01-05,151
2012-01-05,191
2013-01-05,143
2014-01-05,184
2015-01-05,164
2016-01-05,190
2017-01-05,200
2018-01-05,182
2019-01-05,180
2020-01-05,200
2021-01-05,206
2006-07-05,127
2007-07-05,134
2008-07-05,107
2009-07-05,118
2010-07-05,136
2011-07-05,140
2012-07-05,174
2013-07-05,133
2014-07-05,166
2015-07-05,164
2016-07-05,167
2017-07-05,165
2018-07-05,182
2019-07-05,163
2020-07-05,201
2006-06-05,114
2007-06-05,147
2008-06-05,151
2009-06-05,187
2010-06-05,158
2011-06-05,140
2012-06-05,228
2013-06-05,166
2014-06-05,229
2015-06-05,146
2016-06-05,144
2017-06-05,219
2018-06-05,195
2019-06-05,226
2020-06-05,270
2021-06-05,172
2006-03-05,114
2007-03-05,118
2008-03-05,119
2009-03-05,125
2010-03-05,157
2011-03-05,167
2012-03-05,151
2013-03-05,189
2014-03-05,136
2015-03-05,170
2016-03-05,157
2017-03-05,183
2018-03-05,165
2019-03-05,181
2020-03-05,161
2021-03-05,179
2006-05-05,125
2007-05-05,126
2008-05-05,164
2009-05-05,129
2010-05-05,165
2011-05-05,159
2012-05-05,172
2013-05-05,201
2014-05-05,125
2015-05-05,168
2016-05-05,131
2017-05-05,169
2018-05-05,165
2019-05-05,199
2020-05-05,133
2021-05-05,663
2006-11-05,129
2007-11-05,141
2008-11-05,148
2009-11-05,125
2010-11-05,161
2011-11-05,125
2012-11-05,196
2013-11-05,151
2014-11-05,167
2015-11-05,196
2016-11-05,161
2017-11-05,176
2018-11-05,199
2019-11-05,225
2020-11-05,227
2006-10-05,125
2007-10-05,129
2008-10-05,146
2009-10-05,134
2010-10-05,148
2011-10-05,140
2012-10-05,145
2013-10-05,174
2014-10-05,150
2015-10-05,136
2016-10-05,154
2017-10-05,180
2018-10-05,147
2019-10-05,203
2020-10-05,229
2006-09-05,123
2007-09-05,127
2008-09-05,106
2009-09-05,137
2010-09-05,137
2011-09-05,155
2012-09-05,153
2013-09-05,140
2014-09-05,157
2015-09-05,138
2016-09-05,147
2017-09-05,199
2018-09-05,161
2019-09-05,156
2020-09-05,257
2006-04-06,123
2007-04-06,121
2008-04-06,134
2009-04-06,134
2010-04-06,112
2011-04-06,136
2012-04-06,135
2013-04-06,174
2014-04-06,131
2015-04-06,160
2016-04-06,159
2017-04-06,141
2018-04-06,162
2019-04-06,161
2020-04-06,120
2021-04-06,211
2006-08-06,119
2007-08-06,137
2008-08-06,121
2009-08-06,124
2010-08-06,146
2011-08-06,133
2012-08-06,163
2013-08-06,138
2014-08-06,144
2015-08-06,144
2016-08-06,153
2017-08-06,158
2018-08-06,193
2019-08-06,185
2020-08-06,218
2006-12-06,133
2007-12-06,135
2008-12-06,168
2009-12-06,169
2010-12-06,150
2011-12-06,137
2012-12-06,152
2013-12-06,173
2014-12-06,194
2015-12-06,168
2016-12-06,158
2017-12-06,177
2018-12-06,193
2019-12-06,180
2020-12-06,230
2006-02-06,126
2007-02-06,142
2008-02-06,126
2009-02-06,138
2010-02-06,145
2011-02-06,155
2012-02-06,177
2013-02-06,159
2014-02-06,158
2015-02-06,170
2016-02-06,165
2017-02-06,189
2018-02-06,203
2019-02-06,148
2020-02-06,213
2021-02-06,207
2006-01-06,145
2007-01-06,145
2008-01-06,140
2009-01-06,140
2010-01-06,175
2011-01-06,160
2012-01-06,191
2013-01-06,163
2014-01-06,170
2015-01-06,178
2016-01-06,188
2017-01-06,168
2018-01-06,182
2019-01-06,178
2020-01-06,195
2021-01-06,216
2006-07-06,133
2007-07-06,134
2008-07-06,136
2009-07-06,124
2010-07-06,151
2011-07-06,133
2012-07-06,127
2013-07-06,115
2014-07-06,126
2015-07-06,158
2016-07-06,149
2017-07-06,159
2018-07-06,174
2019-07-06,155
2020-07-06,206
2006-06-06,104
2007-06-06,139
2008-06-06,134
2009-06-06,134
2010-06-06,174
2011-06-06,163
2012-06-06,225
2013-06-06,136
2014-06-06,204
2015-06-06,160
2016-06-06,163
2017-06-06,187
2018-06-06,167
2019-06-06,210
2020-06-06,267
2021-06-06,145
2006-03-06,125
2007-03-06,140
2008-03-06,154
2009-03-06,121
2010-03-06,144
2011-03-06,156
2012-03-06,152
2013-03-06,141
2014-03-06,144
2015-03-06,177
2016-03-06,169
2017-03-06,170
2018-03-06,178
2019-03-06,197
2020-03-06,170
2021-03-06,175
2006-05-06,116
2007-05-06,142
2008-05-06,158
2009-05-06,155
2010-05-06,125
2011-05-06,164
2012-05-06,142
2013-05-06,174
2014-05-06,126
2015-05-06,147
2016-05-06,145
2017-05-06,175
2018-05-06,175
2019-05-06,185
2020-05-06,151
2021-05-06,579
2006-11-06,187
2007-11-06,130
2008-11-06,151
2009-11-06,110
2010-11-06,145
2011-11-06,160
2012-11-06,170
2013-11-06,199
2014-11-06,184
2015-11-06,196
2016-11-06,159
2017-11-06,173
2018-11-06,181
2019-11-06,234
2020-11-06,209
2006-10-06,121
2007-10-06,124
2008-10-06,127
2009-10-06,149
2010-10-06,144
2011-10-06,143
2012-10-06,158
2013-10-06,152
2014-10-06,144
2015-10-06,134
2016-10-06,165
2017-10-06,207
2018-10-06,147
2019-10-06,178
2020-10-06,254
2006-09-06,168
2007-09-06,121
2008-09-06,115
2009-09-06,132
2010-09-06,166
2011-09-06,149
2012-09-06,157
2013-09-06,142
2014-09-06,123
2015-09-06,144
2016-09-06,149
2017-09-06,173
2018-09-06,165
2019-09-06,184
2020-09-06,254
2006-04-07,133
2007-04-07,121
2008-04-07,127
2009-04-07,136
2010-04-07,133
2011-04-07,145
2012-04-07,146
2013-04-07,144
2014-04-07,144
2015-04-07,164
2016-04-07,153
2017-04-07,167
2018-04-07,152
2019-04-07,149
2020-04-07,139
2021-04-07,205
2006-08-07,143
2007-08-07,119
2008-08-07,152
2009-08-07,128
2010-08-07,147
2011-08-07,158
2012-08-07,136
2013-08-07,137
2014-08-07,139
2015-08-07,144
2016-08-07,157
2017-08-07,157
2018-08-07,149
2019-08-07,182
2020-08-07,192
2006-12-07,148
2007-12-07,132
2008-12-07,129
2009-12-07,198
2010-12-07,159
2011-12-07,173
2012-12-07,151
2013-12-07,147
2014-12-07,163
2015-12-07,185
2016-12-07,174
2017-12-07,186
2018-12-07,192
2019-12-07,154
2020-12-07,235
2006-02-07,132
2007-02-07,129
2008-02-07,136
2009-02-07,134
2010-02-07,155
2011-02-07,163
2012-02-07,137
2013-02-07,173
2014-02-07,180
2015-02-07,188
2016-02-07,154
2017-02-07,173
2018-02-07,207
2019-02-07,198
2020-02-07,202
2021-02-07,186
2006-01-07,155
2007-01-07,146
2008-01-07,164
2009-01-07,156
2010-01-07,166
2011-01-07,141
2012-01-07,170
2013-01-07,154
2014-01-07,168
2015-01-07,187
2016-01-07,184
2017-01-07,195
2018-01-07,212
2019-01-07,227
2020-01-07,180
2021-01-07,191
2006-07-07,143
2007-07-07,132
2008-07-07,118
2009-07-07,115
2010-07-07,138
2011-07-07,116
2012-07-07,137
2013-07-07,127
2014-07-07,151
2015-07-07,173
2016-07-07,157
2017-07-07,174
2018-07-07,175
2019-07-07,162
2020-07-07,238
2006-06-07,113
2007-06-07,124
2008-06-07,128
2009-06-07,147
2010-06-07,148
2011-06-07,167
2012-06-07,195
2013-06-07,140
2014-06-07,176
2015-06-07,159
2016-06-07,168
2017-06-07,160
2018-06-07,171
2019-06-07,207
2020-06-07,249
2021-06-07,137
2006-03-07,130
2007-03-07,134
2008-03-07,142
2009-03-07,119
2010-03-07,129
2011-03-07,163
2012-03-07,169
2013-03-07,162
2014-03-07,143
2015-03-07,156
2016-03-07,148
2017-03-07,178
2018-03-07,166
2019-03-07,175
2020-03-07,149
2021-03-07,189
2006-05-07,121
2007-05-07,145
2008-05-07,160
2009-05-07,143
2010-05-07,152
2011-05-07,210
2012-05-07,142
2013-05-07,180
2014-05-07,170
2015-05-07,165
2016-05-07,165
2017-05-07,173
2018-05-07,160
2019-05-07,210
2020-05-07,163
2021-05-07,644
2006-11-07,154
2007-11-07,132
2008-11-07,168
2009-11-07,125
2010-11-07,143
2011-11-07,181
2012-11-07,187
2013-11-07,169
2014-11-07,188
2015-11-07,188
2016-11-07,147
2017-11-07,155
2018-11-07,211
2019-11-07,216
2020-11-07,193
2006-10-07,146
2007-10-07,132
2008-10-07,129
2009-10-07,130
2010-10-07,150
2011-10-07,151
2012-10-07,139
2013-10-07,142
2014-10-07,153
2015-10-07,134
2016-10-07,158
2017-10-07,171
2018-10-07,163
2019-10-07,209
2020-10-07,245
2006-09-07,136
2007-09-07,141
2008-09-07,136
2009-09-07,160
2010-09-07,183
2011-09-07,146
2012-09-07,141
2013-09-07,148
2014-09-07,133
2015-09-07,147
2016-09-07,147
2017-09-07,191
2018-09-07,170
2019-09-07,166
2020-09-07,267
2006-04-08,111
2007-04-08,152
2008-04-08,132
2009-04-08,122
2010-04-08,146
2011-04-08,147
2012-04-08,126
2013-04-08,155
2014-04-08,149
2015-04-08,137
2016-04-08,148
2017-04-08,151
2018-04-08,143
2019-04-08,152
2020-04-08,119
2021-04-08,215
2006-08-08,119
2007-08-08,129
2008-08-08,149
2009-08-08,109
2010-08-08,178
2011-08-08,162
2012-08-08,152
2013-08-08,126
2014-08-08,152
2015-08-08,155
2016-08-08,185
2017-08-08,183
2018-08-08,145
2019-08-08,169
2020-08-08,224
2006-12-08,154
2007-12-08,167
2008-12-08,143
2009-12-08,160
2010-12-08,164
2011-12-08,142
2012-12-08,168
2013-12-08,171
2014-12-08,191
2015-12-08,182
2016-12-08,147
2017-12-08,166
2018-12-08,167
2019-12-08,213
2020-12-08,213
2006-02-08,125
2007-02-08,135
2008-02-08,178
2009-02-08,150
2010-02-08,168
2011-02-08,171
2012-02-08,147
2013-02-08,168
2014-02-08,150
2015-02-08,156
2016-02-08,160
2017-02-08,167
2018-02-08,209
2019-02-08,200
2020-02-08,174
2021-02-08,200
2006-01-08,154
2007-01-08,146
2008-01-08,163
2009-01-08,171
2010-01-08,161
2011-01-08,159
2012-01-08,137
2013-01-08,161
2014-01-08,161
2015-01-08,149
2016-01-08,165
2017-01-08,174
2018-01-08,183
2019-01-08,203
2020-01-08,185
2021-01-08,213
2006-07-08,132
2007-07-08,125
2008-07-08,119
2009-07-08,122
2010-07-08,142
2011-07-08,159
2012-07-08,126
2013-07-08,119
2014-07-08,153
2015-07-08,169
2016-07-08,157
2017-07-08,154
2018-07-08,168
2019-07-08,177
2020-07-08,232
2006-06-08,130
2007-06-08,138
2008-06-08,114
2009-06-08,156
2010-06-08,141
2011-06-08,152
2012-06-08,218
2013-06-08,128
2014-06-08,211
2015-06-08,156
2016-06-08,139
2017-06-08,136
2018-06-08,167
2019-06-08,193
2020-06-08,302
2021-06-08,117
2006-03-08,127
2007-03-08,114
2008-03-08,159
2009-03-08,135
2010-03-08,144
2011-03-08,162
2012-03-08,150
2013-03-08,151
2014-03-08,138
2015-03-08,187
2016-03-08,133
2017-03-08,181
2018-03-08,160
2019-03-08,165
2020-03-08,165
2021-03-08,190
2006-05-08,124
2007-05-08,141
2008-05-08,161
2009-05-08,146
2010-05-08,146
2011-05-08,208
2012-05-08,151
2013-05-08,203
2014-05-08,126
2015-05-08,160
2016-05-08,136
2017-05-08,165
2018-05-08,179
2019-05-08,194
2020-05-08,164
2021-05-08,638
2006-11-08,147
2007-11-08,152
2008-11-08,180
2009-11-08,129
2010-11-08,184
2011-11-08,172
2012-11-08,159
2013-11-08,159
2014-11-08,164
2015-11-08,186
2016-11-08,144
2017-11-08,161
2018-11-08,195
2019-11-08,226
2020-11-08,195
2006-10-08,140
2007-10-08,126
2008-10-08,120
2009-10-08,146
2010-10-08,161
2011-10-08,147
2012-10-08,152
2013-10-08,159
2014-10-08,157
2015-10-08,142
2016-10-08,136
2017-10-08,188
2018-10-08,173
2019-10-08,197
2020-10-08,238
2006-09-08,139
2007-09-08,151
2008-09-08,135
2009-09-08,162
2010-09-08,164
2011-09-08,155
2012-09-08,148
2013-09-08,140
2014-09-08,152
2015-09-08,129
2016-09-08,169
2017-09-08,184
2018-09-08,143
2019-09-08,194
2020-09-08,280
2006-04-09,113
2007-04-09,144
2008-04-09,119
2009-04-09,133
2010-04-09,152
2011-04-09,140
2012-04-09,141
2013-04-09,171
2014-04-09,139
2015-04-09,173
2016-04-09,134
2017-04-09,137
2018-04-09,152
2019-04-09,171
2020-04-09,147
2021-04-09,254
2006-08-09,117
2007-08-09,122
2008-08-09,105
2009-08-09,134
2010-08-09,167
2011-08-09,153
2012-08-09,137
2013-08-09,129
2014-08-09,126
2015-08-09,132
2016-08-09,165
2017-08-09,162
2018-08-09,133
2019-08-09,164
2020-08-09,179
2006-12-09,151
2007-12-09,132
2008-12-09,152
2009-12-09,167
2010-12-09,164
2011-12-09,161
2012-12-09,161
2013-12-09,169
2014-12-09,187
2015-12-09,186
2016-12-09,181
2017-12-09,187
2018-12-09,161
2019-12-09,188
2020-12-09,227
2006-02-09,138
2007-02-09,139
2008-02-09,130
2009-02-09,162
2010-02-09,169
2011-02-09,178
2012-02-09,171
2013-02-09,148
2014-02-09,147
2015-02-09,184
2016-02-09,165
2017-02-09,170
2018-02-09,173
2019-02-09,181
2020-02-09,193
2021-02-09,187
2006-01-09,134
2007-01-09,160
2008-01-09,154
2009-01-09,160
2010-01-09,178
2011-01-09,189
2012-01-09,193
2013-01-09,142
2014-01-09,167
2015-01-09,180
2016-01-09,182
2017-01-09,183
2018-01-09,184
2019-01-09,181
2020-01-09,184
2021-01-09,199
2006-07-09,158
2007-07-09,132
2008-07-09,125
2009-07-09,134
2010-07-09,142
2011-07-09,169
2012-07-09,139
2013-07-09,137
2014-07-09,158
2015-07-09,151
2016-07-09,145
2017-07-09,178
2018-07-09,160
2019-07-09,183
2020-07-09,213
2006-06-09,120
2007-06-09,112
2008-06-09,145
2009-06-09,158
2010-06-09,153
2011-06-09,149
2012-06-09,171
2013-06-09,157
2014-06-09,159
2015-06-09,161
2016-06-09,169
2017-06-09,151
2018-06-09,197
2019-06-09,220
2020-06-09,318
2021-06-09,51
2006-03-09,130
2007-03-09,110
2008-03-09,135
2009-03-09,147
2010-03-09,146
2011-03-09,171
2012-03-09,150
2013-03-09,166
2014-03-09,161
2015-03-09,177
2016-03-09,154
2017-03-09,156
2018-03-09,155
2019-03-09,155
2020-03-09,169
2021-03-09,187
2006-05-09,137
2007-05-09,136
2008-05-09,137
2009-05-09,146
2010-05-09,157
2011-05-09,192
2012-05-09,148
2013-05-09,174
2014-05-09,170
2015-05-09,163
2016-05-09,164
2017-05-09,164
2018-05-09,181
2019-05-09,172
2020-05-09,161
2021-05-09,646
2006-11-09,151
2007-11-09,139
2008-11-09,156
2009-11-09,144
2010-11-09,178
2011-11-09,196
2012-11-09,169
2013-11-09,150
2014-11-09,160
2015-11-09,190
2016-11-09,155
2017-11-09,170
2018-11-09,209
2019-11-09,236
2020-11-09,210
2006-10-09,155
2007-10-09,122
2008-10-09,153
2009-10-09,142
2010-10-09,136
2011-10-09,147
2012-10-09,158
2013-10-09,157
2014-10-09,141
2015-10-09,146
2016-10-09,137
2017-10-09,175
2018-10-09,157
2019-10-09,189
2020-10-09,258
2006-09-09,138
2007-09-09,127
2008-09-09,124
2009-09-09,164
2010-09-09,157
2011-09-09,154
2012-09-09,151
2013-09-09,129
2014-09-09,160
2015-09-09,164
2016-09-09,163
2017-09-09,213
2018-09-09,151
2019-09-09,201
2020-09-09,230
2006-04-10,105
2007-04-10,106
2008-04-10,129
2009-04-10,135
2010-04-10,137
2011-04-10,165
2012-04-10,134
2013-04-10,155
2014-04-10,149
2015-04-10,138
2016-04-10,154
2017-04-10,154
2018-04-10,144
2019-04-10,163
2020-04-10,127
2021-04-10,221
2006-08-10,131
2007-08-10,154
2008-08-10,113
2009-08-10,138
2010-08-10,144
2011-08-10,144
2012-08-10,149
2013-08-10,126
2014-08-10,124
2015-08-10,154
2016-08-10,144
2017-08-10,177
2018-08-10,134
2019-08-10,194
2020-08-10,206
2006-12-10,155
2007-12-10,133
2008-12-10,155
2009-12-10,149
2010-12-10,161
2011-12-10,156
2012-12-10,177
2013-12-10,186
2014-12-10,196
2015-12-10,202
2016-12-10,178
2017-12-10,173
2018-12-10,194
2019-12-10,173
2020-12-10,207
2006-02-10,163
2007-02-10,138
2008-02-10,128
2009-02-10,142
2010-02-10,173
2011-02-10,151
2012-02-10,141
2013-02-10,158
2014-02-10,166
2015-02-10,172
2016-02-10,158
2017-02-10,171
2018-02-10,191
2019-02-10,187
2020-02-10,184
2021-02-10,187
2006-01-10,112
2007-01-10,121
2008-01-10,139
2009-01-10,162
2010-01-10,189
2011-01-10,201
2012-01-10,174
2013-01-10,157
2014-01-10,143
2015-01-10,168
2016-01-10,186
2017-01-10,171
2018-01-10,161
2019-01-10,187
2020-01-10,164
2021-01-10,207
2006-07-10,145
2007-07-10,114
2008-07-10,113
2009-07-10,121
2010-07-10,156
2011-07-10,173
2012-07-10,150
2013-07-10,131
2014-07-10,146
2015-07-10,170
2016-07-10,184
2017-07-10,158
2018-07-10,165
2019-07-10,168
2020-07-10,235
2006-06-10,128
2007-06-10,132
2008-06-10,143
2009-06-10,166
2010-06-10,146
2011-06-10,154
2012-06-10,221
2013-06-10,173
2014-06-10,164
2015-06-10,159
2016-06-10,152
2017-06-10,169
2018-06-10,180
2019-06-10,180
2020-06-10,246
2021-06-10,41
2006-03-10,104
2007-03-10,115
2008-03-10,141
2009-03-10,126
2010-03-10,150
2011-03-10,153
2012-03-10,154
2013-03-10,158
2014-03-10,143
2015-03-10,160
2016-03-10,162
2017-03-10,159
2018-03-10,172
2019-03-10,178
2020-03-10,159
2021-03-10,183
2006-05-10,128
2007-05-10,180
2008-05-10,152
2009-05-10,125
2010-05-10,160
2011-05-10,158
2012-05-10,138
2013-05-10,188
2014-05-10,145
2015-05-10,163
2016-05-10,138
2017-05-10,166
2018-05-10,171
2019-05-10,184
2020-05-10,204
2021-05-10,746
2006-11-10,157
2007-11-10,137
2008-11-10,149
2009-11-10,147
2010-11-10,145
2011-11-10,168
2012-11-10,173
2013-11-10,164
2014-11-10,189
2015-11-10,207
2016-11-10,163
2017-11-10,191
2018-11-10,217
2019-11-10,185
2020-11-10,182
2006-10-10,157
2007-10-10,149
2008-10-10,135
2009-10-10,114
2010-10-10,176
2011-10-10,144
2012-10-10,150
2013-10-10,156
2014-10-10,158
2015-10-10,145
2016-10-10,166
2017-10-10,184
2018-10-10,167
2019-10-10,188
2020-10-10,223
2006-09-10,134
2007-09-10,138
2008-09-10,157
2009-09-10,124
2010-09-10,165
2011-09-10,151
2012-09-10,150
2013-09-10,145
2014-09-10,184
2015-09-10,141
2016-09-10,158
2017-09-10,180
2018-09-10,147
2019-09-10,211
2020-09-10,221
2006-04-11,121
2007-04-11,141
2008-04-11,147
2009-04-11,150
2010-04-11,155
2011-04-11,141
2012-04-11,162
2013-04-11,171
2014-04-11,170
2015-04-11,147
2016-04-11,163
2017-04-11,157
2018-04-11,154
2019-04-11,144
2020-04-11,146
2021-04-11,230
2006-08-11,122
2007-08-11,115
2008-08-11,126
2009-08-11,129
2010-08-11,152
2011-08-11,140
2012-08-11,144
2013-08-11,161
2014-08-11,134
2015-08-11,157
2016-08-11,163
2017-08-11,169
2018-08-11,159
2019-08-11,191
2020-08-11,203
2006-12-11,169
2007-12-11,141
2008-12-11,161
2009-12-11,151
2010-12-11,160
2011-12-11,160
2012-12-11,177
2013-12-11,214
2014-12-11,178
2015-12-11,199
2016-12-11,166
2017-12-11,176
2018-12-11,198
2019-12-11,210
2020-12-11,222
2006-02-11,123
2007-02-11,140
2008-02-11,143
2009-02-11,143
2010-02-11,171
2011-02-11,170
2012-02-11,163
2013-02-11,171
2014-02-11,164
2015-02-11,180
2016-02-11,165
2017-02-11,151
2018-02-11,199
2019-02-11,169
2020-02-11,177
2021-02-11,166
2006-01-11,147
2007-01-11,154
2008-01-11,146
2009-01-11,170
2010-01-11,202
2011-01-11,187
2012-01-11,165
2013-01-11,166
2014-01-11,160
2015-01-11,176
2016-01-11,190
2017-01-11,172
2018-01-11,188
2019-01-11,218
2020-01-11,180
2021-01-11,204
2006-07-11,130
2007-07-11,141
2008-07-11,130
2009-07-11,125
2010-07-11,128
2011-07-11,153
2012-07-11,158
2013-07-11,143
2014-07-11,146
2015-07-11,143
2016-07-11,184
2017-07-11,168
2018-07-11,166
2019-07-11,146
2020-07-11,205
2006-06-11,124
2007-06-11,129
2008-06-11,132
2009-06-11,149
2010-06-11,115
2011-06-11,137
2012-06-11,204
2013-06-11,160
2014-06-11,190
2015-06-11,159
2016-06-11,147
2017-06-11,185
2018-06-11,186
2019-06-11,206
2020-06-11,230
2006-03-11,115
2007-03-11,106
2008-03-11,157
2009-03-11,154
2010-03-11,142
2011-03-11,176
2012-03-11,151
2013-03-11,165
2014-03-11,137
2015-03-11,172
2016-03-11,138
2017-03-11,169
2018-03-11,171
2019-03-11,201
2020-03-11,169
2021-03-11,190
2006-05-11,120
2007-05-11,167
2008-05-11,130
2009-05-11,171
2010-05-11,148
2011-05-11,158
2012-05-11,149
2013-05-11,184
2014-05-11,167
2015-05-11,145
2016-05-11,164
2017-05-11,145
2018-05-11,156
2019-05-11,183
2020-05-11,179
2021-05-11,664
2006-11-11,166
2007-11-11,137
2008-11-11,163
2009-11-11,131
2010-11-11,155
2011-11-11,164
2012-11-11,153
2013-11-11,161
2014-11-11,169
2015-11-11,193
2016-11-11,182
2017-11-11,215
2018-11-11,194
2019-11-11,217
2020-11-11,198
2006-10-11,149
2007-10-11,141
2008-10-11,132
2009-10-11,141
2010-10-11,157
2011-10-11,120
2012-10-11,165
2013-10-11,172
2014-10-11,130
2015-10-11,152
2016-10-11,143
2017-10-11,200
2018-10-11,191
2019-10-11,189
2020-10-11,194
2006-09-11,163
2007-09-11,130
2008-09-11,123
2009-09-11,159
2010-09-11,153
2011-09-11,170
2012-09-11,163
2013-09-11,161
2014-09-11,153
2015-09-11,137
2016-09-11,152
2017-09-11,201
2018-09-11,176
2019-09-11,173
2020-09-11,260
2006-04-12,122
2007-04-12,135
2008-04-12,136
2009-04-12,113
2010-04-12,123
2011-04-12,145
2012-04-12,136
2013-04-12,150
2014-04-12,176
2015-04-12,124
2016-04-12,145
2017-04-12,153
2018-04-12,164
2019-04-12,165
2020-04-12,133
2021-04-12,265
2006-08-12,105
2007-08-12,145
2008-08-12,136
2009-08-12,118
2010-08-12,166
2011-08-12,156
2012-08-12,139
2013-08-12,155
2014-08-12,176
2015-08-12,147
2016-08-12,159
2017-08-12,151
2018-08-12,125
2019-08-12,169
2020-08-12,197
2006-12-12,133
2007-12-12,138
2008-12-12,147
2009-12-12,168
2010-12-12,155
2011-12-12,155
2012-12-12,188
2013-12-12,185
2014-12-12,194
2015-12-12,209
2016-12-12,201
2017-12-12,175
2018-12-12,194
2019-12-12,191
2020-12-12,225
2006-02-12,157
2007-02-12,132
2008-02-12,164
2009-02-12,153
2010-02-12,167
2011-02-12,173
2012-02-12,176
2013-02-12,155
2014-02-12,164
2015-02-12,181
2016-02-12,150
2017-02-12,199
2018-02-12,191
2019-02-12,169
2020-02-12,203
2021-02-12,206
2006-01-12,135
2007-01-12,126
2008-01-12,135
2009-01-12,153
2010-01-12,180
2011-01-12,180
2012-01-12,163
2013-01-12,145
2014-01-12,160
2015-01-12,185
2016-01-12,182
2017-01-12,187
2018-01-12,170
2019-01-12,207
2020-01-12,192
2021-01-12,186
2006-07-12,115
2007-07-12,117
2008-07-12,140
2009-07-12,120
2010-07-12,143
2011-07-12,136
2012-07-12,141
2013-07-12,146
2014-07-12,124
2015-07-12,147
2016-07-12,180
2017-07-12,151
2018-07-12,145
2019-07-12,166
2020-07-12,199
2006-06-12,102
2007-06-12,133
2008-06-12,100
2009-06-12,162
2010-06-12,135
2011-06-12,137
2012-06-12,176
2013-06-12,148
2014-06-12,183
2015-06-12,140
2016-06-12,143
2017-06-12,181
2018-06-12,170
2019-06-12,211
2020-06-12,235
2006-03-12,116
2007-03-12,134
2008-03-12,129
2009-03-12,138
2010-03-12,133
2011-03-12,157
2012-03-12,182
2013-03-12,141
2014-03-12,177
2015-03-12,170
2016-03-12,166
2017-03-12,179
2018-03-12,176
2019-03-12,154
2020-03-12,139
2021-03-12,170
2006-05-12,143
2007-05-12,194
2008-05-12,141
2009-05-12,151
2010-05-12,144
2011-05-12,160
2012-05-12,143
2013-05-12,193
2014-05-12,178
2015-05-12,155
2016-05-12,189
2017-05-12,164
2018-05-12,161
2019-05-12,197
2020-05-12,171
2021-05-12,645
2006-11-12,146
2007-11-12,139
2008-11-12,159
2009-11-12,166
2010-11-12,172
2011-11-12,172
2012-11-12,157
2013-11-12,170
2014-11-12,163
2015-11-12,211
2016-11-12,163
2017-11-12,161
2018-11-12,213
2019-11-12,204
2020-11-12,203
2006-10-12,154
2007-10-12,129
2008-10-12,126
2009-10-12,146
2010-10-12,167
2011-10-12,127
2012-10-12,155
2013-10-12,152
2014-10-12,152
2015-10-12,182
2016-10-12,138
2017-10-12,186
2018-10-12,188
2019-10-12,231
2020-10-12,233
2006-09-12,142
2007-09-12,148
2008-09-12,125
2009-09-12,151
2010-09-12,154
2011-09-12,185
2012-09-12,172
2013-09-12,153
2014-09-12,163
2015-09-12,150
2016-09-12,138
2017-09-12,180
2018-09-12,186
2019-09-12,169
2020-09-12,215
2006-04-13,113
2007-04-13,126
2008-04-13,128
2009-04-13,144
2010-04-13,144
2011-04-13,127
2012-04-13,139
2013-04-13,156
2014-04-13,137
2015-04-13,143
2016-04-13,164
2017-04-13,155
2018-04-13,146
2019-04-13,159
2020-04-13,146
2021-04-13,248
2006-08-13,141
2007-08-13,142
2008-08-13,108
2009-08-13,129
2010-08-13,139
2011-08-13,132
2012-08-13,155
2013-08-13,140
2014-08-13,142
2015-08-13,149
2016-08-13,141
2017-08-13,118
2018-08-13,147
2019-08-13,191
2020-08-13,212
2006-12-13,151
2007-12-13,114
2008-12-13,158
2009-12-13,190
2010-12-13,154
2011-12-13,161
2012-12-13,168
2013-12-13,164
2014-12-13,162
2015-12-13,190
2016-12-13,184
2017-12-13,172
2018-12-13,160
2019-12-13,204
2020-12-13,214
2006-02-13,159
2007-02-13,142
2008-02-13,162
2009-02-13,112
2010-02-13,159
2011-02-13,163
2012-02-13,170
2013-02-13,167
2014-02-13,163
2015-02-13,184
2016-02-13,160
2017-02-13,176
2018-02-13,183
2019-02-13,173
2020-02-13,179
2021-02-13,197
2006-01-13,141
2007-01-13,109
2008-01-13,125
2009-01-13,159
2010-01-13,180
2011-01-13,190
2012-01-13,138
2013-01-13,161
2014-01-13,158
2015-01-13,176
2016-01-13,179
2017-01-13,161
2018-01-13,192
2019-01-13,213
2020-01-13,177
2021-01-13,194
2006-07-13,116
2007-07-13,129
2008-07-13,132
2009-07-13,142
2010-07-13,105
2011-07-13,153
2012-07-13,144
2013-07-13,149
2014-07-13,159
2015-07-13,148
2016-07-13,174
2017-07-13,169
2018-07-13,136
2019-07-13,182
2020-07-13,208
2006-06-13,125
2007-06-13,112
2008-06-13,107
2009-06-13,127
2010-06-13,133
2011-06-13,135
2012-06-13,147
2013-06-13,127
2014-06-13,174
2015-06-13,146
2016-06-13,173
2017-06-13,173
2018-06-13,183
2019-06-13,222
2020-06-13,280
2006-03-13,146
2007-03-13,111
2008-03-13,122
2009-03-13,134
2010-03-13,142
2011-03-13,149
2012-03-13,163
2013-03-13,130
2014-03-13,170
2015-03-13,179
2016-03-13,140
2017-03-13,184
2018-03-13,169
2019-03-13,167
2020-03-13,174
2021-03-13,182
2006-05-13,123
2007-05-13,200
2008-05-13,166
2009-05-13,168
2010-05-13,148
2011-05-13,159
2012-05-13,170
2013-05-13,174
2014-05-13,202
2015-05-13,163
2016-05-13,195
2017-05-13,166
2018-05-13,155
2019-05-13,186
2020-05-13,161
2021-05-13,659
2006-11-13,180
2007-11-13,152
2008-11-13,142
2009-11-13,165
2010-11-13,149
2011-11-13,154
2012-11-13,161
2013-11-13,157
2014-11-13,178
2015-11-13,188
2016-11-13,152
2017-11-13,175
2018-11-13,206
2019-11-13,202
2020-11-13,182
2006-10-13,127
2007-10-13,123
2008-10-13,131
2009-10-13,112
2010-10-13,165
2011-10-13,141
2012-10-13,131
2013-10-13,154
2014-10-13,182
2015-10-13,146
2016-10-13,168
2017-10-13,179
2018-10-13,177
2019-10-13,200
2020-10-13,234
2006-09-13,130
2007-09-13,127
2008-09-13,115
2009-09-13,155
2010-09-13,168
2011-09-13,143
2012-09-13,157
2013-09-13,146
2014-09-13,145
2015-09-13,137
2016-09-13,156
2017-09-13,185
2018-09-13,158
2019-09-13,225
2020-09-13,189
2006-04-14,116
2007-04-14,99
2008-04-14,134
2009-04-14,119
2010-04-14,139
2011-04-14,175
2012-04-14,165
2013-04-14,157
2014-04-14,120
2015-04-14,134
2016-04-14,146
2017-04-14,134
2018-04-14,152
2019-04-14,160
2020-04-14,114
2021-04-14,263
2006-08-14,128
2007-08-14,122
2008-08-14,128
2009-08-14,120
2010-08-14,161
2011-08-14,149
2012-08-14,146
2013-08-14,150
2014-08-14,145
2015-08-14,131
2016-08-14,159
2017-08-14,190
2018-08-14,156
2019-08-14,154
2020-08-14,218
2006-12-14,126
2007-12-14,125
2008-12-14,165
2009-12-14,170
2010-12-14,156
2011-12-14,143
2012-12-14,159
2013-12-14,173
2014-12-14,166
2015-12-14,206
2016-12-14,178
2017-12-14,163
2018-12-14,197
2019-12-14,201
2020-12-14,240
2006-02-14,128
2007-02-14,140
2008-02-14,128
2009-02-14,143
2010-02-14,136
2011-02-14,166
2012-02-14,169
2013-02-14,177
2014-02-14,152
2015-02-14,140
2016-02-14,173
2017-02-14,166
2018-02-14,181
2019-02-14,195
2020-02-14,191
2021-02-14,174
2006-01-14,134
2007-01-14,146
2008-01-14,156
2009-01-14,149
2010-01-14,177
2011-01-14,149
2012-01-14,147
2013-01-14,141
2014-01-14,152
2015-01-14,171
2016-01-14,188
2017-01-14,176
2018-01-14,185
2019-01-14,211
2020-01-14,166
2021-01-14,177
2006-07-14,102
2007-07-14,120
2008-07-14,117
2009-07-14,127
2010-07-14,133
2011-07-14,135
2012-07-14,115
2013-07-14,153
2014-07-14,166
2015-07-14,147
2016-07-14,146
2017-07-14,153
2018-07-14,166
2019-07-14,157
2020-07-14,194
2006-06-14,141
2007-06-14,119
2008-06-14,131
2009-06-14,132
2010-06-14,145
2011-06-14,145
2012-06-14,164
2013-06-14,152
2014-06-14,158
2015-06-14,151
2016-06-14,192
2017-06-14,179
2018-06-14,181
2019-06-14,256
2020-06-14,300
2006-03-14,118
2007-03-14,146
2008-03-14,126
2009-03-14,112
2010-03-14,114
2011-03-14,141
2012-03-14,144
2013-03-14,153
2014-03-14,170
2015-03-14,162
2016-03-14,159
2017-03-14,149
2018-03-14,175
2019-03-14,177
2020-03-14,168
2021-03-14,168
2006-05-14,141
2007-05-14,190
2008-05-14,166
2009-05-14,162
2010-05-14,166
2011-05-14,150
2012-05-14,166
2013-05-14,153
2014-05-14,166
2015-05-14,136
2016-05-14,181
2017-05-14,178
2018-05-14,160
2019-05-14,180
2020-05-14,168
2021-05-14,659
2006-11-14,161
2007-11-14,145
2008-11-14,159
2009-11-14,162
2010-11-14,145
2011-11-14,181
2012-11-14,157
2013-11-14,180
2014-11-14,170
2015-11-14,179
2016-11-14,162
2017-11-14,166
2018-11-14,212
2019-11-14,226
2020-11-14,210
2006-10-14,143
2007-10-14,120
2008-10-14,141
2009-10-14,135
2010-10-14,169
2011-10-14,164
2012-10-14,148
2013-10-14,143
2014-10-14,171
2015-10-14,190
2016-10-14,152
2017-10-14,165
2018-10-14,175
2019-10-14,213
2020-10-14,229
2006-09-14,148
2007-09-14,137
2008-09-14,166
2009-09-14,176
2010-09-14,166
2011-09-14,155
2012-09-14,138
2013-09-14,144
2014-09-14,162
2015-09-14,135
2016-09-14,151
2017-09-14,177
2018-09-14,145
2019-09-14,182
2020-09-14,218
2006-04-15,115
2007-04-15,126
2008-04-15,151
2009-04-15,129
2010-04-15,129
2011-04-15,140
2012-04-15,163
2013-04-15,144
2014-04-15,158
2015-04-15,152
2016-04-15,151
2017-04-15,135
2018-04-15,191
2019-04-15,179
2020-04-15,131
2021-04-15,238
2006-08-15,127
2007-08-15,113
2008-08-15,113
2009-08-15,132
2010-08-15,147
2011-08-15,152
2012-08-15,164
2013-08-15,132
2014-08-15,145
2015-08-15,150
2016-08-15,145
2017-08-15,158
2018-08-15,168
2019-08-15,196
2020-08-15,207
2006-12-15,130
2007-12-15,141
2008-12-15,166
2009-12-15,159
2010-12-15,135
2011-12-15,161
2012-12-15,135
2013-12-15,151
2014-12-15,183
2015-12-15,212
2016-12-15,187
2017-12-15,176
2018-12-15,170
2019-12-15,195
2020-12-15,214
2006-02-15,138
2007-02-15,115
2008-02-15,141
2009-02-15,133
2010-02-15,157
2011-02-15,151
2012-02-15,176
2013-02-15,152
2014-02-15,145
2015-02-15,173
2016-02-15,175
2017-02-15,161
2018-02-15,178
2019-02-15,185
2020-02-15,171
2021-02-15,183
2006-01-15,164
2007-01-15,138
2008-01-15,136
2009-01-15,168
2010-01-15,180
2011-01-15,156
2012-01-15,171
2013-01-15,147
2014-01-15,161
2015-01-15,165
2016-01-15,167
2017-01-15,181
2018-01-15,182
2019-01-15,224
2020-01-15,189
2021-01-15,222
2006-07-15,136
2007-07-15,123
2008-07-15,126
2009-07-15,146
2010-07-15,169
2011-07-15,134
2012-07-15,146
2013-07-15,167
2014-07-15,150
2015-07-15,127
2016-07-15,210
2017-07-15,162
2018-07-15,147
2019-07-15,166
2020-07-15,195
2006-06-15,142
2007-06-15,128
2008-06-15,126
2009-06-15,157
2010-06-15,163
2011-06-15,137
2012-06-15,134
2013-06-15,168
2014-06-15,190
2015-06-15,177
2016-06-15,183
2017-06-15,155
2018-06-15,165
2019-06-15,237
2020-06-15,282
2006-03-15,108
2007-03-15,104
2008-03-15,132
2009-03-15,131
2010-03-15,149
2011-03-15,125
2012-03-15,156
2013-03-15,160
2014-03-15,151
2015-03-15,145
2016-03-15,166
2017-03-15,163
2018-03-15,156
2019-03-15,188
2020-03-15,171
2021-03-15,182
2006-05-15,133
2007-05-15,204
2008-05-15,141
2009-05-15,169
2010-05-15,137
2011-05-15,142
2012-05-15,160
2013-05-15,165
2014-05-15,190
2015-05-15,153
2016-05-15,156
2017-05-15,179
2018-05-15,163
2019-05-15,195
2020-05-15,180
2021-05-15,660
2006-11-15,178
2007-11-15,165
2008-11-15,132
2009-11-15,150
2010-11-15,167
2011-11-15,177
2012-11-15,198
2013-11-15,142
2014-11-15,173
2015-11-15,209
2016-11-15,149
2017-11-15,232
2018-11-15,222
2019-11-15,189
2020-11-15,206
2006-10-15,149
2007-10-15,110
2008-10-15,155
2009-10-15,135
2010-10-15,163
2011-10-15,149
2012-10-15,144
2013-10-15,156
2014-10-15,125
2015-10-15,162
2016-10-15,145
2017-10-15,178
2018-10-15,201
2019-10-15,201
2020-10-15,236
2006-09-15,125
2007-09-15,107
2008-09-15,150
2009-09-15,149
2010-09-15,151
2011-09-15,169
2012-09-15,130
2013-09-15,174
2014-09-15,150
2015-09-15,157
2016-09-15,138
2017-09-15,180
2018-09-15,149
2019-09-15,183
2020-09-15,207
2006-04-16,113
2007-04-16,133
2008-04-16,129
2009-04-16,147
2010-04-16,129
2011-04-16,127
2012-04-16,166
2013-04-16,174
2014-04-16,149
2015-04-16,145
2016-04-16,149
2017-04-16,138
2018-04-16,154
2019-04-16,163
2020-04-16,121
2021-04-16,293
2006-08-16,116
2007-08-16,142
2008-08-16,128
2009-08-16,107
2010-08-16,164
2011-08-16,143
2012-08-16,130
2013-08-16,139
2014-08-16,153
2015-08-16,135
2016-08-16,166
2017-08-16,162
2018-08-16,135
2019-08-16,179
2020-08-16,215
2006-12-16,148
2007-12-16,136
2008-12-16,167
2009-12-16,163
2010-12-16,158
2011-12-16,167
2012-12-16,138
2013-12-16,184
2014-12-16,169
2015-12-16,203
2016-12-16,165
2017-12-16,165
2018-12-16,157
2019-12-16,207
2020-12-16,209
2006-02-16,142
2007-02-16,135
2008-02-16,139
2009-02-16,154
2010-02-16,163
2011-02-16,155
2012-02-16,153
2013-02-16,150
2014-02-16,150
2015-02-16,193
2016-02-16,179
2017-02-16,167
2018-02-16,190
2019-02-16,186
2020-02-16,188
2021-02-16,198
2006-01-16,150
2007-01-16,138
2008-01-16,144
2009-01-16,134
2010-01-16,178
2011-01-16,173
2012-01-16,166
2013-01-16,160
2014-01-16,183
2015-01-16,160
2016-01-16,207
2017-01-16,183
2018-01-16,190
2019-01-16,205
2020-01-16,217
2021-01-16,195
2006-07-16,135
2007-07-16,115
2008-07-16,125
2009-07-16,120
2010-07-16,170
2011-07-16,125
2012-07-16,147
2013-07-16,154
2014-07-16,150
2015-07-16,149
2016-07-16,146
2017-07-16,171
2018-07-16,180
2019-07-16,163
2020-07-16,191
2006-06-16,138
2007-06-16,103
2008-06-16,121
2009-06-16,170
2010-06-16,146
2011-06-16,146
2012-06-16,136
2013-06-16,163
2014-06-16,197
2015-06-16,181
2016-06-16,170
2017-06-16,155
2018-06-16,159
2019-06-16,233
2020-06-16,315
2006-03-16,120
2007-03-16,125
2008-03-16,125
2009-03-16,139
2010-03-16,152
2011-03-16,156
2012-03-16,158
2013-03-16,140
2014-03-16,132
2015-03-16,133
2016-03-16,161
2017-03-16,157
2018-03-16,180
2019-03-16,156
2020-03-16,157
2021-03-16,196
2006-05-16,117
2007-05-16,176
2008-05-16,182
2009-05-16,136
2010-05-16,163
2011-05-16,135
2012-05-16,160
2013-05-16,183
2014-05-16,189
2015-05-16,135
2016-05-16,180
2017-05-16,217
2018-05-16,188
2019-05-16,173
2020-05-16,205
2021-05-16,559
2006-11-16,164
2007-11-16,152
2008-11-16,144
2009-11-16,127
2010-11-16,147
2011-11-16,212
2012-11-16,180
2013-11-16,166
2014-11-16,188
2015-11-16,228
2016-11-16,160
2017-11-16,232
2018-11-16,213
2019-11-16,190
2020-11-16,192
2006-10-16,122
2007-10-16,152
2008-10-16,138
2009-10-16,115
2010-10-16,152
2011-10-16,120
2012-10-16,171
2013-10-16,160
2014-10-16,144
2015-10-16,138
2016-10-16,144
2017-10-16,168
2018-10-16,172
2019-10-16,184
2020-10-16,249
2006-09-16,136
2007-09-16,127
2008-09-16,141
2009-09-16,135
2010-09-16,157
2011-09-16,168
2012-09-16,133
2013-09-16,150
2014-09-16,146
2015-09-16,168
2016-09-16,130
2017-09-16,180
2018-09-16,162
2019-09-16,183
2020-09-16,244
2006-04-17,123
2007-04-17,109
2008-04-17,141
2009-04-17,116
2010-04-17,123
2011-04-17,151
2012-04-17,140
2013-04-17,152
2014-04-17,146
2015-04-17,164
2016-04-17,167
2017-04-17,201
2018-04-17,157
2019-04-17,157
2020-04-17,135
2021-04-17,277
2006-08-17,133
2007-08-17,118
2008-08-17,119
2009-08-17,107
2010-08-17,144
2011-08-17,137
2012-08-17,161
2013-08-17,180
2014-08-17,161
2015-08-17,164
2016-08-17,157
2017-08-17,200
2018-08-17,170
2019-08-17,169
2020-08-17,246
2006-12-17,132
2007-12-17,121
2008-12-17,150
2009-12-17,137
2010-12-17,157
2011-12-17,165
2012-12-17,167
2013-12-17,178
2014-12-17,175
2015-12-17,198
2016-12-17,178
2017-12-17,191
2018-12-17,191
2019-12-17,201
2020-12-17,245
2006-02-17,135
2007-02-17,121
2008-02-17,115
2009-02-17,144
2010-02-17,162
2011-02-17,148
2012-02-17,175
2013-02-17,171
2014-02-17,189
2015-02-17,170
2016-02-17,157
2017-02-17,175
2018-02-17,170
2019-02-17,178
2020-02-17,162
2021-02-17,200
2006-01-17,146
2007-01-17,138
2008-01-17,152
2009-01-17,140
2010-01-17,133
2011-01-17,154
2012-01-17,171
2013-01-17,149
2014-01-17,173
2015-01-17,145
2016-01-17,181
2017-01-17,176
2018-01-17,195
2019-01-17,184
2020-01-17,183
2021-01-17,200
2006-07-17,115
2007-07-17,113
2008-07-17,109
2009-07-17,139
2010-07-17,133
2011-07-17,124
2012-07-17,124
2013-07-17,139
2014-07-17,164
2015-07-17,144
2016-07-17,169
2017-07-17,151
2018-07-17,169
2019-07-17,151
2020-07-17,199
2006-06-17,120
2007-06-17,125
2008-06-17,118
2009-06-17,172
2010-06-17,139
2011-06-17,142
2012-06-17,164
2013-06-17,168
2014-06-17,214
2015-06-17,153
2016-06-17,153
2017-06-17,149
2018-06-17,166
2019-06-17,234
2020-06-17,263
2006-03-17,116
2007-03-17,109
2008-03-17,146
2009-03-17,140
2010-03-17,139
2011-03-17,143
2012-03-17,165
2013-03-17,164
2014-03-17,152
2015-03-17,160
2016-03-17,161
2017-03-17,165
2018-03-17,183
2019-03-17,172
2020-03-17,182
2021-03-17,180
2006-05-17,127
2007-05-17,183
2008-05-17,139
2009-05-17,117
2010-05-17,183
2011-05-17,149
2012-05-17,188
2013-05-17,191
2014-05-17,167
2015-05-17,139
2016-05-17,146
2017-05-17,220
2018-05-17,172
2019-05-17,171
2020-05-17,188
2021-05-17,637
2006-11-17,152
2007-11-17,117
2008-11-17,159
2009-11-17,167
2010-11-17,146
2011-11-17,211
2012-11-17,200
2013-11-17,167
2014-11-17,205
2015-11-17,216
2016-11-17,170
2017-11-17,196
2018-11-17,195
2019-11-17,176
2020-11-17,194
2006-10-17,127
2007-10-17,131
2008-10-17,124
2009-10-17,132
2010-10-17,135
2011-10-17,117
2012-10-17,150
2013-10-17,171
2014-10-17,140
2015-10-17,166
2016-10-17,145
2017-10-17,172
2018-10-17,163
2019-10-17,165
2020-10-17,216
2006-09-17,142
2007-09-17,130
2008-09-17,154
2009-09-17,113
2010-09-17,155
2011-09-17,141
2012-09-17,164
2013-09-17,189
2014-09-17,150
2015-09-17,168
2016-09-17,167
2017-09-17,177
2018-09-17,159
2019-09-17,151
2020-09-17,257
2006-04-18,115
2007-04-18,113
2008-04-18,130
2009-04-18,112
2010-04-18,140
2011-04-18,127
2012-04-18,162
2013-04-18,165
2014-04-18,134
2015-04-18,150
2016-04-18,147
2017-04-18,184
2018-04-18,149
2019-04-18,177
2020-04-18,132
2021-04-18,300
2006-08-18,151
2007-08-18,115
2008-08-18,108
2009-08-18,121
2010-08-18,135
2011-08-18,160
2012-08-18,141
2013-08-18,167
2014-08-18,173
2015-08-18,135
2016-08-18,164
2017-08-18,159
2018-08-18,155
2019-08-18,155
2020-08-18,249
2006-12-18,154
2007-12-18,139
2008-12-18,135
2009-12-18,188
2010-12-18,154
2011-12-18,174
2012-12-18,162
2013-12-18,195
2014-12-18,165
2015-12-18,229
2016-12-18,154
2017-12-18,189
2018-12-18,191
2019-12-18,183
2020-12-18,249
2006-02-18,150
2007-02-18,113
2008-02-18,122
2009-02-18,144
2010-02-18,148
2011-02-18,138
2012-02-18,150
2013-02-18,154
2014-02-18,149
2015-02-18,179
2016-02-18,177
2017-02-18,201
2018-02-18,185
2019-02-18,197
2020-02-18,186
2021-02-18,197
2006-01-18,134
2007-01-18,151
2008-01-18,159
2009-01-18,141
2010-01-18,156
2011-01-18,164
2012-01-18,192
2013-01-18,149
2014-01-18,181
2015-01-18,180
2016-01-18,202
2017-01-18,197
2018-01-18,194
2019-01-18,220
2020-01-18,204
2021-01-18,216
2006-07-18,122
2007-07-18,120
2008-07-18,121
2009-07-18,124
2010-07-18,147
2011-07-18,133
2012-07-18,154
2013-07-18,149
2014-07-18,166
2015-07-18,117
2016-07-18,143
2017-07-18,158
2018-07-18,159
2019-07-18,171
2020-07-18,207
2006-06-18,111
2007-06-18,127
2008-06-18,109
2009-06-18,162
2010-06-18,127
2011-06-18,163
2012-06-18,156
2013-06-18,192
2014-06-18,225
2015-06-18,152
2016-06-18,142
2017-06-18,139
2018-06-18,174
2019-06-18,252
2020-06-18,270
2006-03-18,122
2007-03-18,110
2008-03-18,151
2009-03-18,116
2010-03-18,142
2011-03-18,135
2012-03-18,137
2013-03-18,161
2014-03-18,141
2015-03-18,180
2016-03-18,145
2017-03-18,156
2018-03-18,171
2019-03-18,188
2020-03-18,163
2021-03-18,176
2006-05-18,111
2007-05-18,160
2008-05-18,154
2009-05-18,134
2010-05-18,138
2011-05-18,155
2012-05-18,179
2013-05-18,166
2014-05-18,189
2015-05-18,152
2016-05-18,137
2017-05-18,213
2018-05-18,152
2019-05-18,179
2020-05-18,189
2021-05-18,572
2006-11-18,167
2007-11-18,153
2008-11-18,168
2009-11-18,171
2010-11-18,140
2011-11-18,148
2012-11-18,176
2013-11-18,150
2014-11-18,174
2015-11-18,204
2016-11-18,151
2017-11-18,188
2018-11-18,199
2019-11-18,206
2020-11-18,182
2006-10-18,127
2007-10-18,145
2008-10-18,124
2009-10-18,151
2010-10-18,158
2011-10-18,144
2012-10-18,172
2013-10-18,153
2014-10-18,136
2015-10-18,181
2016-10-18,136
2017-10-18,160
2018-10-18,187
2019-10-18,179
2020-10-18,195
2006-09-18,137
2007-09-18,113
2008-09-18,137
2009-09-18,124
2010-09-18,166
2011-09-18,158
2012-09-18,143
2013-09-18,191
2014-09-18,163
2015-09-18,181
2016-09-18,167
2017-09-18,187
2018-09-18,146
2019-09-18,172
2020-09-18,249
2006-04-19,89
2007-04-19,140
2008-04-19,137
2009-04-19,128
2010-04-19,115
2011-04-19,128
2012-04-19,131
2013-04-19,165
2014-04-19,149
2015-04-19,142
2016-04-19,142
2017-04-19,173
2018-04-19,139
2019-04-19,169
2020-04-19,150
2021-04-19,312
2006-08-19,119
2007-08-19,120
2008-08-19,117
2009-08-19,119
2010-08-19,151
2011-08-19,147
2012-08-19,162
2013-08-19,169
2014-08-19,158
2015-08-19,145
2016-08-19,164
2017-08-19,154
2018-08-19,150
2019-08-19,150
2020-08-19,212
2006-12-19,155
2007-12-19,162
2008-12-19,139
2009-12-19,161
2010-12-19,152
2011-12-19,177
2012-12-19,149
2013-12-19,170
2014-12-19,150
2015-12-19,193
2016-12-19,174
2017-12-19,184
2018-12-19,197
2019-12-19,183
2020-12-19,211
2006-02-19,121
2007-02-19,128
2008-02-19,132
2009-02-19,124
2010-02-19,148
2011-02-19,150
2012-02-19,151
2013-02-19,154
2014-02-19,166
2015-02-19,174
2016-02-19,154
2017-02-19,171
2018-02-19,186
2019-02-19,178
2020-02-19,170
2021-02-19,223
2006-01-19,141
2007-01-19,147
2008-01-19,119
2009-01-19,145
2010-01-19,160
2011-01-19,173
2012-01-19,185
2013-01-19,168
2014-01-19,136
2015-01-19,176
2016-01-19,217
2017-01-19,189
2018-01-19,178
2019-01-19,200
2020-01-19,205
2021-01-19,203
2006-07-19,114
2007-07-19,144
2008-07-19,114
2009-07-19,123
2010-07-19,156
2011-07-19,134
2012-07-19,148
2013-07-19,143
2014-07-19,151
2015-07-19,103
2016-07-19,149
2017-07-19,170
2018-07-19,180
2019-07-19,156
2020-07-19,181
2006-06-19,144
2007-06-19,116
2008-06-19,130
2009-06-19,149
2010-06-19,116
2011-06-19,169
2012-06-19,138
2013-06-19,189
2014-06-19,210
2015-06-19,143
2016-06-19,148
2017-06-19,148
2018-06-19,168
2019-06-19,242
2020-06-19,312
2006-03-19,117
2007-03-19,116
2008-03-19,139
2009-03-19,110
2010-03-19,127
2011-03-19,116
2012-03-19,135
2013-03-19,146
2014-03-19,139
2015-03-19,155
2016-03-19,127
2017-03-19,141
2018-03-19,158
2019-03-19,186
2020-03-19,178
2021-03-19,176
2006-05-19,134
2007-05-19,161
2008-05-19,179
2009-05-19,151
2010-05-19,131
2011-05-19,154
2012-05-19,173
2013-05-19,161
2014-05-19,181
2015-05-19,160
2016-05-19,121
2017-05-19,220
2018-05-19,171
2019-05-19,200
2020-05-19,202
2021-05-19,607
2006-11-19,177
2007-11-19,146
2008-11-19,142
2009-11-19,172
2010-11-19,168
2011-11-19,157
2012-11-19,193
2013-11-19,166
2014-11-19,185
2015-11-19,216
2016-11-19,146
2017-11-19,191
2018-11-19,179
2019-11-19,192
2020-11-19,180
2006-10-19,115
2007-10-19,105
2008-10-19,149
2009-10-19,129
2010-10-19,163
2011-10-19,150
2012-10-19,135
2013-10-19,139
2014-10-19,139
2015-10-19,161
2016-10-19,134
2017-10-19,192
2018-10-19,172
2019-10-19,182
2020-10-19,210
2006-09-19,147
2007-09-19,124
2008-09-19,145
2009-09-19,166
2010-09-19,187
2011-09-19,148
2012-09-19,151
2013-09-19,155
2014-09-19,158
2015-09-19,146
2016-09-19,173
2017-09-19,188
2018-09-19,157
2019-09-19,190
2020-09-19,213
2006-04-20,145
2007-04-20,113
2008-04-20,156
2009-04-20,139
2010-04-20,144
2011-04-20,166
2012-04-20,147
2013-04-20,166
2014-04-20,126
2015-04-20,173
2016-04-20,140
2017-04-20,126
2018-04-20,159
2019-04-20,156
2020-04-20,120
2021-04-20,318
2006-08-20,131
2007-08-20,133
2008-08-20,130
2009-08-20,144
2010-08-20,147
2011-08-20,129
2012-08-20,157
2013-08-20,142
2014-08-20,164
2015-08-20,143
2016-08-20,154
2017-08-20,170
2018-08-20,165
2019-08-20,156
2020-08-20,231
2006-12-20,153
2007-12-20,169
2008-12-20,129
2009-12-20,166
2010-12-20,182
2011-12-20,158
2012-12-20,180
2013-12-20,148
2014-12-20,170
2015-12-20,196
2016-12-20,187
2017-12-20,188
2018-12-20,173
2019-12-20,169
2020-12-20,219
2006-02-20,150
2007-02-20,118
2008-02-20,137
2009-02-20,134
2010-02-20,128
2011-02-20,161
2012-02-20,145
2013-02-20,153
2014-02-20,171
2015-02-20,158
2016-02-20,177
2017-02-20,195
2018-02-20,200
2019-02-20,183
2020-02-20,178
2021-02-20,165
2006-01-20,155
2007-01-20,174
2008-01-20,166
2009-01-20,178
2010-01-20,171
2011-01-20,190
2012-01-20,172
2013-01-20,182
2014-01-20,150
2015-01-20,167
2016-01-20,201
2017-01-20,187
2018-01-20,176
2019-01-20,164
2020-01-20,195
2021-01-20,186
2006-07-20,99
2007-07-20,122
2008-07-20,135
2009-07-20,126
2010-07-20,145
2011-07-20,128
2012-07-20,135
2013-07-20,127
2014-07-20,162
2015-07-20,143
2016-07-20,130
2017-07-20,158
2018-07-20,188
2019-07-20,149
2020-07-20,188
2006-06-20,119
2007-06-20,122
2008-06-20,109
2009-06-20,137
2010-06-20,122
2011-06-20,181
2012-06-20,122
2013-06-20,185
2014-06-20,196
2015-06-20,135
2016-06-20,150
2017-06-20,140
2018-06-20,185
2019-06-20,255
2020-06-20,248
2006-03-20,118
2007-03-20,133
2008-03-20,118
2009-03-20,117
2010-03-20,127
2011-03-20,138
2012-03-20,132
2013-03-20,156
2014-03-20,123
2015-03-20,157
2016-03-20,139
2017-03-20,134
2018-03-20,169
2019-03-20,186
2020-03-20,131
2021-03-20,169
2006-05-20,134
2007-05-20,148
2008-05-20,188
2009-05-20,141
2010-05-20,144
2011-05-20,147
2012-05-20,168
2013-05-20,142
2014-05-20,158
2015-05-20,150
2016-05-20,143
2017-05-20,193
2018-05-20,148
2019-05-20,164
2020-05-20,223
2021-05-20,602
2006-11-20,161
2007-11-20,134
2008-11-20,156
2009-11-20,181
2010-11-20,118
2011-11-20,164
2012-11-20,163
2013-11-20,183
2014-11-20,190
2015-11-20,224
2016-11-20,158
2017-11-20,199
2018-11-20,187
2019-11-20,169
2020-11-20,214
2006-10-20,158
2007-10-20,127
2008-10-20,119
2009-10-20,126
2010-10-20,167
2011-10-20,155
2012-10-20,151
2013-10-20,150
2014-10-20,149
2015-10-20,179
2016-10-20,124
2017-10-20,177
2018-10-20,193
2019-10-20,184
2020-10-20,205
2006-09-20,129
2007-09-20,97
2008-09-20,139
2009-09-20,144
2010-09-20,182
2011-09-20,135
2012-09-20,167
2013-09-20,134
2014-09-20,149
2015-09-20,140
2016-09-20,144
2017-09-20,214
2018-09-20,152
2019-09-20,147
2020-09-20,193
2006-04-21,124
2007-04-21,105
2008-04-21,148
2009-04-21,127
2010-04-21,149
2011-04-21,139
2012-04-21,136
2013-04-21,149
2014-04-21,155
2015-04-21,185
2016-04-21,121
2017-04-21,148
2018-04-21,168
2019-04-21,180
2020-04-21,157
2021-04-21,324
2006-08-21,127
2007-08-21,131
2008-08-21,120
2009-08-21,121
2010-08-21,149
2011-08-21,143
2012-08-21,152
2013-08-21,169
2014-08-21,165
2015-08-21,137
2016-08-21,170
2017-08-21,154
2018-08-21,174
2019-08-21,149
2020-08-21,212
2006-12-21,157
2007-12-21,121
2008-12-21,130
2009-12-21,157
2010-12-21,169
2011-12-21,167
2012-12-21,156
2013-12-21,194
2014-12-21,155
2015-12-21,212
2016-12-21,190
2017-12-21,183
2018-12-21,194
2019-12-21,193
2020-12-21,211
2006-02-21,122
2007-02-21,121
2008-02-21,131
2009-02-21,144
2010-02-21,138
2011-02-21,172
2012-02-21,151
2013-02-21,158
2014-02-21,134
2015-02-21,152
2016-02-21,138
2017-02-21,191
2018-02-21,168
2019-02-21,176
2020-02-21,163
2021-02-21,159
2006-01-21,143
2007-01-21,138
2008-01-21,145
2009-01-21,153
2010-01-21,176
2011-01-21,163
2012-01-21,151
2013-01-21,189
2014-01-21,157
2015-01-21,180
2016-01-21,172
2017-01-21,203
2018-01-21,167
2019-01-21,200
2020-01-21,201
2021-01-21,216
2006-07-21,115
2007-07-21,110
2008-07-21,147
2009-07-21,127
2010-07-21,139
2011-07-21,138
2012-07-21,149
2013-07-21,125
2014-07-21,150
2015-07-21,125
2016-07-21,170
2017-07-21,165
2018-07-21,157
2019-07-21,165
2020-07-21,189
2006-06-21,122
2007-06-21,92
2008-06-21,134
2009-06-21,106
2010-06-21,126
2011-06-21,161
2012-06-21,144
2013-06-21,165
2014-06-21,176
2015-06-21,158
2016-06-21,177
2017-06-21,143
2018-06-21,184
2019-06-21,202
2020-06-21,230
2006-03-21,126
2007-03-21,113
2008-03-21,105
2009-03-21,115
2010-03-21,145
2011-03-21,162
2012-03-21,130
2013-03-21,143
2014-03-21,144
2015-03-21,166
2016-03-21,149
2017-03-21,163
2018-03-21,154
2019-03-21,176
2020-03-21,165
2021-03-21,190
2006-05-21,146
2007-05-21,155
2008-05-21,160
2009-05-21,132
2010-05-21,150
2011-05-21,145
2012-05-21,185
2013-05-21,177
2014-05-21,187
2015-05-21,158
2016-05-21,190
2017-05-21,187
2018-05-21,156
2019-05-21,162
2020-05-21,251
2021-05-21,514
2006-11-21,159
2007-11-21,152
2008-11-21,145
2009-11-21,191
2010-11-21,166
2011-11-21,143
2012-11-21,169
2013-11-21,191
2014-11-21,156
2015-11-21,204
2016-11-21,181
2017-11-21,187
2018-11-21,185
2019-11-21,181
2020-11-21,214
2006-10-21,130
2007-10-21,127
2008-10-21,136
2009-10-21,134
2010-10-21,149
2011-10-21,130
2012-10-21,145
2013-10-21,136
2014-10-21,154
2015-10-21,165
2016-10-21,135
2017-10-21,187
2018-10-21,203
2019-10-21,183
2020-10-21,199
2006-09-21,146
2007-09-21,130
2008-09-21,107
2009-09-21,144
2010-09-21,180
2011-09-21,165
2012-09-21,161
2013-09-21,159
2014-09-21,163
2015-09-21,148
2016-09-21,143
2017-09-21,220
2018-09-21,168
2019-09-21,179
2020-09-21,248
2006-04-22,131
2007-04-22,113
2008-04-22,142
2009-04-22,134
2010-04-22,129
2011-04-22,129
2012-04-22,152
2013-04-22,191
2014-04-22,133
2015-04-22,144
2016-04-22,162
2017-04-22,154
2018-04-22,162
2019-04-22,182
2020-04-22,164
2021-04-22,376
2006-08-22,129
2007-08-22,120
2008-08-22,134
2009-08-22,123
2010-08-22,134
2011-08-22,142
2012-08-22,150
2013-08-22,157
2014-08-22,138
2015-08-22,122
2016-08-22,150
2017-08-22,152
2018-08-22,179
2019-08-22,183
2020-08-22,226
2006-12-22,143
2007-12-22,132
2008-12-22,165
2009-12-22,141
2010-12-22,172
2011-12-22,171
2012-12-22,165
2013-12-22,193
2014-12-22,161
2015-12-22,199
2016-12-22,167
2017-12-22,166
2018-12-22,184
2019-12-22,142
2020-12-22,221
2006-02-22,128
2007-02-22,136
2008-02-22,119
2009-02-22,129
2010-02-22,157
2011-02-22,134
2012-02-22,153
2013-02-22,147
2014-02-22,139
2015-02-22,159
2016-02-22,177
2017-02-22,179
2018-02-22,199
2019-02-22,182
2020-02-22,158
2021-02-22,180
2006-01-22,158
2007-01-22,146
2008-01-22,170
2009-01-22,159
2010-01-22,159
2011-01-22,178
2012-01-22,171
2013-01-22,148
2014-01-22,183
2015-01-22,216
2016-01-22,174
2017-01-22,193
2018-01-22,187
2019-01-22,218
2020-01-22,208
2021-01-22,206
2006-07-22,116
2007-07-22,113
2008-07-22,122
2009-07-22,161
2010-07-22,148
2011-07-22,134
2012-07-22,150
2013-07-22,152
2014-07-22,135
2015-07-22,132
2016-07-22,140
2017-07-22,178
2018-07-22,159
2019-07-22,177
2020-07-22,217
2006-06-22,113
2007-06-22,106
2008-06-22,128
2009-06-22,157
2010-06-22,140
2011-06-22,147
2012-06-22,161
2013-06-22,156
2014-06-22,159
2015-06-22,185
2016-06-22,125
2017-06-22,166
2018-06-22,157
2019-06-22,202
2020-06-22,219
2006-03-22,115
2007-03-22,118
2008-03-22,134
2009-03-22,124
2010-03-22,135
2011-03-22,151
2012-03-22,144
2013-03-22,134
2014-03-22,133
2015-03-22,143
2016-03-22,133
2017-03-22,142
2018-03-22,179
2019-03-22,166
2020-03-22,148
2021-03-22,206
2006-05-22,119
2007-05-22,136
2008-05-22,145
2009-05-22,124
2010-05-22,160
2011-05-22,146
2012-05-22,171
2013-05-22,161
2014-05-22,172
2015-05-22,192
2016-05-22,173
2017-05-22,223
2018-05-22,179
2019-05-22,205
2020-05-22,284
2021-05-22,475
2006-11-22,155
2007-11-22,144
2008-11-22,113
2009-11-22,138
2010-11-22,157
2011-11-22,141
2012-11-22,160
2013-11-22,172
2014-11-22,170
2015-11-22,230
2016-11-22,150
2017-11-22,192
2018-11-22,162
2019-11-22,189
2020-11-22,194
2006-10-22,140
2007-10-22,120
2008-10-22,133
2009-10-22,161
2010-10-22,147
2011-10-22,136
2012-10-22,159
2013-10-22,166
2014-10-22,146
2015-10-22,161
2016-10-22,125
2017-10-22,198
2018-10-22,197
2019-10-22,196
2020-10-22,209
2006-09-22,159
2007-09-22,122
2008-09-22,115
2009-09-22,143
2010-09-22,151
2011-09-22,145
2012-09-22,133
2013-09-22,145
2014-09-22,131
2015-09-22,146
2016-09-22,168
2017-09-22,211
2018-09-22,160
2019-09-22,185
2020-09-22,258
2006-04-23,107
2007-04-23,115
2008-04-23,136
2009-04-23,143
2010-04-23,145
2011-04-23,155
2012-04-23,156
2013-04-23,141
2014-04-23,111
2015-04-23,146
2016-04-23,172
2017-04-23,170
2018-04-23,175
2019-04-23,167
2020-04-23,143
2021-04-23,388
2006-08-23,120
2007-08-23,131
2008-08-23,125
2009-08-23,122
2010-08-23,145
2011-08-23,137
2012-08-23,148
2013-08-23,152
2014-08-23,138
2015-08-23,138
2016-08-23,149
2017-08-23,170
2018-08-23,190
2019-08-23,156
2020-08-23,221
2006-12-23,129
2007-12-23,162
2008-12-23,152
2009-12-23,168
2010-12-23,161
2011-12-23,162
2012-12-23,140
2013-12-23,183
2014-12-23,190
2015-12-23,175
2016-12-23,144
2017-12-23,183
2018-12-23,180
2019-12-23,223
2020-12-23,212
2006-02-23,103
2007-02-23,122
2008-02-23,113
2009-02-23,125
2010-02-23,154
2011-02-23,140
2012-02-23,158
2013-02-23,128
2014-02-23,155
2015-02-23,179
2016-02-23,155
2017-02-23,168
2018-02-23,179
2019-02-23,191
2020-02-23,180
2021-02-23,199
2006-01-23,140
2007-01-23,166
2008-01-23,170
2009-01-23,187
2010-01-23,172
2011-01-23,182
2012-01-23,175
2013-01-23,174
2014-01-23,165
2015-01-23,193
2016-01-23,176
2017-01-23,194
2018-01-23,163
2019-01-23,196
2020-01-23,186
2021-01-23,218
2006-07-23,108
2007-07-23,126
2008-07-23,127
2009-07-23,154
2010-07-23,143
2011-07-23,144
2012-07-23,154
2013-07-23,142
2014-07-23,143
2015-07-23,128
2016-07-23,150
2017-07-23,196
2018-07-23,182
2019-07-23,166
2020-07-23,202
2006-06-23,118
2007-06-23,112
2008-06-23,127
2009-06-23,129
2010-06-23,140
2011-06-23,127
2012-06-23,141
2013-06-23,148
2014-06-23,174
2015-06-23,161
2016-06-23,153
2017-06-23,163
2018-06-23,158
2019-06-23,186
2020-06-23,242
2006-03-23,118
2007-03-23,130
2008-03-23,122
2009-03-23,118
2010-03-23,123
2011-03-23,150
2012-03-23,119
2013-03-23,161
2014-03-23,153
2015-03-23,153
2016-03-23,165
2017-03-23,149
2018-03-23,190
2019-03-23,156
2020-03-23,187
2021-03-23,180
2006-05-23,150
2007-05-23,151
2008-05-23,118
2009-05-23,151
2010-05-23,141
2011-05-23,165
2012-05-23,203
2013-05-23,176
2014-05-23,224
2015-05-23,181
2016-05-23,167
2017-05-23,221
2018-05-23,173
2019-05-23,173
2020-05-23,302
2021-05-23,481
2006-11-23,149
2007-11-23,132
2008-11-23,130
2009-11-23,157
2010-11-23,157
2011-11-23,163
2012-11-23,150
2013-11-23,166
2014-11-23,189
2015-11-23,200
2016-11-23,164
2017-11-23,204
2018-11-23,201
2019-11-23,179
2020-11-23,214
2006-10-23,134
2007-10-23,109
2008-10-23,139
2009-10-23,144
2010-10-23,153
2011-10-23,126
2012-10-23,142
2013-10-23,159
2014-10-23,170
2015-10-23,181
2016-10-23,143
2017-10-23,176
2018-10-23,221
2019-10-23,226
2020-10-23,208
2006-09-23,125
2007-09-23,124
2008-09-23,136
2009-09-23,129
2010-09-23,152
2011-09-23,121
2012-09-23,154
2013-09-23,188
2014-09-23,162
2015-09-23,154
2016-09-23,166
2017-09-23,204
2018-09-23,156
2019-09-23,190
2020-09-23,248
2006-04-24,125
2007-04-24,126
2008-04-24,150
2009-04-24,151
2010-04-24,125
2011-04-24,145
2012-04-24,168
2013-04-24,172
2014-04-24,154
2015-04-24,154
2016-04-24,166
2017-04-24,184
2018-04-24,134
2019-04-24,157
2020-04-24,150
2021-04-24,417
2006-08-24,141
2007-08-24,130
2008-08-24,151
2009-08-24,116
2010-08-24,136
2011-08-24,141
2012-08-24,140
2013-08-24,132
2014-08-24,133
2015-08-24,147
2016-08-24,147
2017-08-24,146
2018-08-24,152
2019-08-24,190
2020-08-24,238
2006-12-24,137
2007-12-24,155
2008-12-24,180
2009-12-24,150
2010-12-24,179
2011-12-24,161
2012-12-24,161
2013-12-24,152
2014-12-24,179
2015-12-24,197
2016-12-24,170
2017-12-24,158
2018-12-24,189
2019-12-24,210
2020-12-24,233
2006-02-24,116
2007-02-24,126
2008-02-24,143
2009-02-24,116
2010-02-24,158
2011-02-24,139
2012-02-24,146
2013-02-24,146
2014-02-24,183
2015-02-24,169
2016-02-24,173
2017-02-24,188
2018-02-24,162
2019-02-24,168
2020-02-24,186
2021-02-24,195
2006-01-24,130
2007-01-24,128
2008-01-24,142
2009-01-24,150
2010-01-24,156
2011-01-24,176
2012-01-24,174
2013-01-24,156
2014-01-24,164
2015-01-24,208
2016-01-24,175
2017-01-24,190
2018-01-24,173
2019-01-24,195
2020-01-24,206
2021-01-24,181
2006-07-24,123
2007-07-24,112
2008-07-24,104
2009-07-24,130
2010-07-24,139
2011-07-24,168
2012-07-24,178
2013-07-24,154
2014-07-24,173
2015-07-24,136
2016-07-24,125
2017-07-24,191
2018-07-24,176
2019-07-24,164
2020-07-24,210
2006-06-24,121
2007-06-24,117
2008-06-24,115
2009-06-24,154
2010-06-24,141
2011-06-24,148
2012-06-24,132
2013-06-24,134
2014-06-24,154
2015-06-24,169
2016-06-24,142
2017-06-24,169
2018-06-24,163
2019-06-24,180
2020-06-24,226
2006-03-24,113
2007-03-24,115
2008-03-24,122
2009-03-24,148
2010-03-24,111
2011-03-24,131
2012-03-24,150
2013-03-24,159
2014-03-24,125
2015-03-24,137
2016-03-24,157
2017-03-24,151
2018-03-24,159
2019-03-24,165
2020-03-24,177
2021-03-24,185
2006-05-24,134
2007-05-24,137
2008-05-24,149
2009-05-24,145
2010-05-24,169
2011-05-24,164
2012-05-24,206
2013-05-24,179
2014-05-24,217
2015-05-24,234
2016-05-24,180
2017-05-24,184
2018-05-24,163
2019-05-24,200
2020-05-24,302
2021-05-24,507
2006-11-24,141
2007-11-24,157
2008-11-24,136
2009-11-24,153
2010-11-24,167
2011-11-24,163
2012-11-24,178
2013-11-24,153
2014-11-24,174
2015-11-24,198
2016-11-24,159
2017-11-24,169
2018-11-24,189
2019-11-24,196
2020-11-24,191
2006-10-24,122
2007-10-24,117
2008-10-24,134
2009-10-24,121
2010-10-24,138
2011-10-24,101
2012-10-24,158
2013-10-24,202
2014-10-24,144
2015-10-24,162
2016-10-24,150
2017-10-24,184
2018-10-24,166
2019-10-24,181
2020-10-24,190
2006-09-24,145
2007-09-24,141
2008-09-24,122
2009-09-24,163
2010-09-24,167
2011-09-24,136
2012-09-24,150
2013-09-24,190
2014-09-24,133
2015-09-24,164
2016-09-24,151
2017-09-24,190
2018-09-24,164
2019-09-24,192
2020-09-24,224
2006-04-25,116
2007-04-25,117
2008-04-25,127
2009-04-25,125
2010-04-25,128
2011-04-25,141
2012-04-25,153
2013-04-25,131
2014-04-25,156
2015-04-25,143
2016-04-25,184
2017-04-25,171
2018-04-25,169
2019-04-25,151
2020-04-25,128
2021-04-25,420
2006-08-25,144
2007-08-25,127
2008-08-25,125
2009-08-25,119
2010-08-25,148
2011-08-25,147
2012-08-25,147
2013-08-25,149
2014-08-25,129
2015-08-25,167
2016-08-25,134
2017-08-25,150
2018-08-25,167
2019-08-25,152
2020-08-25,210
2006-12-25,136
2007-12-25,147
2008-12-25,143
2009-12-25,162
2010-12-25,180
2011-12-25,156
2012-12-25,163
2013-12-25,173
2014-12-25,147
2015-12-25,180
2016-12-25,177
2017-12-25,174
2018-12-25,195
2019-12-25,202
2020-12-25,225
2006-02-25,125
2007-02-25,132
2008-02-25,111
2009-02-25,172
2010-02-25,146
2011-02-25,148
2012-02-25,147
2013-02-25,149
2014-02-25,151
2015-02-25,172
2016-02-25,174
2017-02-25,168
2018-02-25,183
2019-02-25,173
2020-02-25,188
2021-02-25,170
2006-01-25,142
2007-01-25,128
2008-01-25,145
2009-01-25,155
2010-01-25,161
2011-01-25,169
2012-01-25,182
2013-01-25,185
2014-01-25,160
2015-01-25,185
2016-01-25,191
2017-01-25,211
2018-01-25,187
2019-01-25,202
2020-01-25,176
2021-01-25,207
2006-07-25,110
2007-07-25,118
2008-07-25,109
2009-07-25,123
2010-07-25,168
2011-07-25,138
2012-07-25,148
2013-07-25,130
2014-07-25,146
2015-07-25,130
2016-07-25,143
2017-07-25,200
2018-07-25,175
2019-07-25,143
2020-07-25,186
2006-06-25,118
2007-06-25,125
2008-06-25,114
2009-06-25,141
2010-06-25,125
2011-06-25,124
2012-06-25,154
2013-06-25,152
2014-06-25,195
2015-06-25,170
2016-06-25,160
2017-06-25,136
2018-06-25,145
2019-06-25,180
2020-06-25,242
2006-03-25,120
2007-03-25,126
2008-03-25,124
2009-03-25,133
2010-03-25,141
2011-03-25,123
2012-03-25,120
2013-03-25,139
2014-03-25,149
2015-03-25,155
2016-03-25,139
2017-03-25,167
2018-03-25,175
2019-03-25,172
2020-03-25,163
2021-03-25,172
2006-05-25,142
2007-05-25,121
2008-05-25,126
2009-05-25,176
2010-05-25,178
2011-05-25,145
2012-05-25,245
2013-05-25,189
2014-05-25,214
2015-05-25,221
2016-05-25,179
2017-05-25,176
2018-05-25,135
2019-05-25,173
2020-05-25,246
2021-05-25,416
2006-11-25,166
2007-11-25,135
2008-11-25,136
2009-11-25,162
2010-11-25,132
2011-11-25,158
2012-11-25,149
2013-11-25,156
2014-11-25,163
2015-11-25,229
2016-11-25,152
2017-11-25,174
2018-11-25,166
2019-11-25,193
2020-11-25,219
2006-10-25,136
2007-10-25,135
2008-10-25,145
2009-10-25,132
2010-10-25,143
2011-10-25,141
2012-10-25,173
2013-10-25,202
2014-10-25,162
2015-10-25,183
2016-10-25,143
2017-10-25,180
2018-10-25,191
2019-10-25,210
2020-10-25,215
2006-09-25,138
2007-09-25,158
2008-09-25,125
2009-09-25,147
2010-09-25,151
2011-09-25,137
2012-09-25,166
2013-09-25,175
2014-09-25,169
2015-09-25,137
2016-09-25,153
2017-09-25,165
2018-09-25,175
2019-09-25,189
2020-09-25,243
2006-04-26,128
2007-04-26,109
2008-04-26,142
2009-04-26,128
2010-04-26,149
2011-04-26,135
2012-04-26,153
2013-04-26,172
2014-04-26,171
2015-04-26,153
2016-04-26,152
2017-04-26,140
2018-04-26,166
2019-04-26,179
2020-04-26,128
2021-04-26,477
2006-08-26,132
2007-08-26,130
2008-08-26,131
2009-08-26,122
2010-08-26,167
2011-08-26,139
2012-08-26,132
2013-08-26,181
2014-08-26,128
2015-08-26,155
2016-08-26,129
2017-08-26,177
2018-08-26,152
2019-08-26,170
2020-08-26,221
2006-12-26,138
2007-12-26,161
2008-12-26,154
2009-12-26,173
2010-12-26,181
2011-12-26,182
2012-12-26,145
2013-12-26,179
2014-12-26,189
2015-12-26,176
2016-12-26,182
2017-12-26,188
2018-12-26,184
2019-12-26,157
2020-12-26,211
2006-02-26,105
2007-02-26,124
2008-02-26,149
2009-02-26,125
2010-02-26,152
2011-02-26,130
2012-02-26,168
2013-02-26,154
2014-02-26,143
2015-02-26,159
2016-02-26,136
2017-02-26,207
2018-02-26,165
2019-02-26,179
2020-02-26,170
2021-02-26,161
2006-01-26,143
2007-01-26,137
2008-01-26,147
2009-01-26,150
2010-01-26,172
2011-01-26,177
2012-01-26,167
2013-01-26,174
2014-01-26,163
2015-01-26,180
2016-01-26,197
2017-01-26,193
2018-01-26,192
2019-01-26,223
2020-01-26,182
2021-01-26,201
2006-07-26,109
2007-07-26,119
2008-07-26,118
2009-07-26,142
2010-07-26,129
2011-07-26,123
2012-07-26,128
2013-07-26,150
2014-07-26,125
2015-07-26,132
2016-07-26,144
2017-07-26,205
2018-07-26,171
2019-07-26,162
2020-07-26,158
2006-06-26,145
2007-06-26,128
2008-06-26,109
2009-06-26,156
2010-06-26,148
2011-06-26,130
2012-06-26,110
2013-06-26,170
2014-06-26,201
2015-06-26,174
2016-06-26,147
2017-06-26,152
2018-06-26,158
2019-06-26,173
2020-06-26,242
2006-03-26,121
2007-03-26,122
2008-03-26,133
2009-03-26,121
2010-03-26,129
2011-03-26,128
2012-03-26,147
2013-03-26,139
2014-03-26,141
2015-03-26,155
2016-03-26,140
2017-03-26,146
2018-03-26,153
2019-03-26,157
2020-03-26,157
2021-03-26,207
2006-05-26,100
2007-05-26,116
2008-05-26,156
2009-05-26,162
2010-05-26,200
2011-05-26,143
2012-05-26,263
2013-05-26,211
2014-05-26,233
2015-05-26,234
2016-05-26,212
2017-05-26,205
2018-05-26,163
2019-05-26,185
2020-05-26,275
2021-05-26,425
2006-11-26,157
2007-11-26,177
2008-11-26,141
2009-11-26,161
2010-11-26,159
2011-11-26,153
2012-11-26,159
2013-11-26,175
2014-11-26,165
2015-11-26,225
2016-11-26,159
2017-11-26,186
2018-11-26,197
2019-11-26,192
2020-11-26,206
2006-10-26,139
2007-10-26,104
2008-10-26,145
2009-10-26,120
2010-10-26,151
2011-10-26,120
2012-10-26,163
2013-10-26,160
2014-10-26,154
2015-10-26,197
2016-10-26,157
2017-10-26,206
2018-10-26,200
2019-10-26,204
2020-10-26,205
2006-09-26,125
2007-09-26,152
2008-09-26,138
2009-09-26,144
2010-09-26,170
2011-09-26,156
2012-09-26,167
2013-09-26,167
2014-09-26,144
2015-09-26,146
2016-09-26,193
2017-09-26,198
2018-09-26,143
2019-09-26,178
2020-09-26,224
2006-04-27,137
2007-04-27,116
2008-04-27,138
2009-04-27,141
2010-04-27,135
2011-04-27,146
2012-04-27,153
2013-04-27,151
2014-04-27,142
2015-04-27,163
2016-04-27,170
2017-04-27,161
2018-04-27,159
2019-04-27,167
2020-04-27,131
2021-04-27,464
2006-08-27,138
2007-08-27,116
2008-08-27,145
2009-08-27,110
2010-08-27,151
2011-08-27,147
2012-08-27,140
2013-08-27,167
2014-08-27,157
2015-08-27,143
2016-08-27,149
2017-08-27,171
2018-08-27,149
2019-08-27,171
2020-08-27,243
2006-12-27,139
2007-12-27,153
2008-12-27,126
2009-12-27,174
2010-12-27,203
2011-12-27,167
2012-12-27,159
2013-12-27,164
2014-12-27,151
2015-12-27,205
2016-12-27,198
2017-12-27,170
2018-12-27,189
2019-12-27,168
2020-12-27,224
2006-02-27,131
2007-02-27,135
2008-02-27,146
2009-02-27,130
2010-02-27,133
2011-02-27,168
2012-02-27,151
2013-02-27,161
2014-02-27,161
2015-02-27,171
2016-02-27,155
2017-02-27,158
2018-02-27,175
2019-02-27,174
2020-02-27,178
2021-02-27,190
2006-01-27,129
2007-01-27,135
2008-01-27,146
2009-01-27,158
2010-01-27,158
2011-01-27,165
2012-01-27,162
2013-01-27,163
2014-01-27,162
2015-01-27,180
2016-01-27,151
2017-01-27,197
2018-01-27,175
2019-01-27,181
2020-01-27,174
2021-01-27,176
2006-07-27,111
2007-07-27,133
2008-07-27,99
2009-07-27,118
2010-07-27,152
2011-07-27,124
2012-07-27,137
2013-07-27,177
2014-07-27,143
2015-07-27,170
2016-07-27,144
2017-07-27,148
2018-07-27,141
2019-07-27,171
2020-07-27,226
2006-06-27,120
2007-06-27,115
2008-06-27,123
2009-06-27,116
2010-06-27,145
2011-06-27,140
2012-06-27,122
2013-06-27,148
2014-06-27,182
2015-06-27,161
2016-06-27,147
2017-06-27,153
2018-06-27,153
2019-06-27,161
2020-06-27,251
2006-03-27,133
2007-03-27,138
2008-03-27,141
2009-03-27,117
2010-03-27,146
2011-03-27,135
2012-03-27,164
2013-03-27,159
2014-03-27,128
2015-03-27,140
2016-03-27,133
2017-03-27,165
2018-03-27,151
2019-03-27,157
2020-03-27,139
2021-03-27,198
2006-05-27,107
2007-05-27,167
2008-05-27,122
2009-05-27,166
2010-05-27,181
2011-05-27,133
2012-05-27,266
2013-05-27,184
2014-05-27,186
2015-05-27,182
2016-05-27,190
2017-05-27,196
2018-05-27,162
2019-05-27,203
2020-05-27,267
2021-05-27,370
2006-11-27,168
2007-11-27,163
2008-11-27,145
2009-11-27,153
2010-11-27,141
2011-11-27,147
2012-11-27,147
2013-11-27,153
2014-11-27,184
2015-11-27,206
2016-11-27,137
2017-11-27,160
2018-11-27,177
2019-11-27,185
2020-11-27,207
2006-10-27,126
2007-10-27,113
2008-10-27,165
2009-10-27,122
2010-10-27,146
2011-10-27,148
2012-10-27,153
2013-10-27,150
2014-10-27,177
2015-10-27,178
2016-10-27,142
2017-10-27,170
2018-10-27,190
2019-10-27,193
2020-10-27,199
2006-09-27,145
2007-09-27,152
2008-09-27,148
2009-09-27,118
2010-09-27,140
2011-09-27,133
2012-09-27,140
2013-09-27,143
2014-09-27,160
2015-09-27,149
2016-09-27,140
2017-09-27,181
2018-09-27,186
2019-09-27,178
2020-09-27,255
2006-04-28,138
2007-04-28,122
2008-04-28,153
2009-04-28,146
2010-04-28,150
2011-04-28,147
2012-04-28,136
2013-04-28,175
2014-04-28,138
2015-04-28,139
2016-04-28,156
2017-04-28,174
2018-04-28,191
2019-04-28,136
2020-04-28,135
2021-04-28,501
2006-08-28,130
2007-08-28,143
2008-08-28,148
2009-08-28,129
2010-08-28,157
2011-08-28,135
2012-08-28,128
2013-08-28,156
2014-08-28,147
2015-08-28,142
2016-08-28,134
2017-08-28,192
2018-08-28,149
2019-08-28,183
2020-08-28,228
2006-12-28,160
2007-12-28,154
2008-12-28,139
2009-12-28,185
2010-12-28,173
2011-12-28,146
2012-12-28,148
2013-12-28,185
2014-12-28,174
2015-12-28,175
2016-12-28,196
2017-12-28,215
2018-12-28,201
2019-12-28,180
2020-12-28,217
2006-02-28,136
2007-02-28,134
2008-02-28,140
2009-02-28,135
2010-02-28,164
2011-02-28,153
2012-02-28,143
2013-02-28,152
2014-02-28,131
2015-02-28,157
2016-02-28,176
2017-02-28,171
2018-02-28,189
2019-02-28,193
2020-02-28,191
2021-02-28,178
2006-01-28,158
2007-01-28,130
2008-01-28,154
2009-01-28,144
2010-01-28,144
2011-01-28,171
2012-01-28,165
2013-01-28,170
2014-01-28,168
2015-01-28,162
2016-01-28,164
2017-01-28,189
2018-01-28,187
2019-01-28,207
2020-01-28,192
2021-01-28,209
2006-07-28,139
2007-07-28,123
2008-07-28,108
2009-07-28,124
2010-07-28,166
2011-07-28,137
2012-07-28,135
2013-07-28,157
2014-07-28,154
2015-07-28,161
2016-07-28,136
2017-07-28,158
2018-07-28,146
2019-07-28,163
2020-07-28,218
2006-06-28,115
2007-06-28,121
2008-06-28,107
2009-06-28,128
2010-06-28,136
2011-06-28,149
2012-06-28,136
2013-06-28,165
2014-06-28,145
2015-06-28,139
2016-06-28,147
2017-06-28,155
2018-06-28,133
2019-06-28,195
2020-06-28,225
2006-03-28,113
2007-03-28,122
2008-03-28,142
2009-03-28,126
2010-03-28,145
2011-03-28,139
2012-03-28,153
2013-03-28,160
2014-03-28,123
2015-03-28,161
2016-03-28,141
2017-03-28,142
2018-03-28,155
2019-03-28,174
2020-03-28,139
2021-03-28,181
2006-05-28,103
2007-05-28,124
2008-05-28,129
2009-05-28,164
2010-05-28,170
2011-05-28,156
2012-05-28,282
2013-05-28,188
2014-05-28,154
2015-05-28,144
2016-05-28,173
2017-05-28,194
2018-05-28,169
2019-05-28,184
2020-05-28,293
2021-05-28,383
2006-11-28,160
2007-11-28,145
2008-11-28,143
2009-11-28,135
2010-11-28,153
2011-11-28,155
2012-11-28,154
2013-11-28,154
2014-11-28,173
2015-11-28,162
2016-11-28,163
2017-11-28,176
2018-11-28,188
2019-11-28,186
2020-11-28,199
2006-10-28,150
2007-10-28,116
2008-10-28,185
2009-10-28,123
2010-10-28,149
2011-10-28,146
2012-10-28,174
2013-10-28,141
2014-10-28,169
2015-10-28,166
2016-10-28,140
2017-10-28,157
2018-10-28,210
2019-10-28,226
2020-10-28,173
2006-09-28,134
2007-09-28,113
2008-09-28,138
2009-09-28,120
2010-09-28,149
2011-09-28,135
2012-09-28,147
2013-09-28,162
2014-09-28,150
2015-09-28,156
2016-09-28,154
2017-09-28,216
2018-09-28,153
2019-09-28,181
2020-09-28,241
2006-04-29,134
2007-04-29,126
2008-04-29,154
2009-04-29,114
2010-04-29,136
2011-04-29,168
2012-04-29,160
2013-04-29,173
2014-04-29,154
2015-04-29,146
2016-04-29,151
2017-04-29,158
2018-04-29,161
2019-04-29,156
2020-04-29,128
2021-04-29,522
2006-08-29,128
2007-08-29,122
2008-08-29,134
2009-08-29,120
2010-08-29,137
2011-08-29,160
2012-08-29,143
2013-08-29,160
2014-08-29,143
2015-08-29,151
2016-08-29,161
2017-08-29,173
2018-08-29,147
2019-08-29,167
2020-08-29,257
2006-12-29,142
2007-12-29,159
2008-12-29,141
2009-12-29,171
2010-12-29,184
2011-12-29,176
2012-12-29,143
2013-12-29,176
2014-12-29,184
2015-12-29,172
2016-12-29,192
2017-12-29,219
2018-12-29,180
2019-12-29,188
2020-12-29,200
2008-02-29,128
2012-02-29,126
2016-02-29,146
2020-02-29,170
2006-01-29,158
2007-01-29,139
2008-01-29,146
2009-01-29,152
2010-01-29,147
2011-01-29,146
2012-01-29,173
2013-01-29,141
2014-01-29,162
2015-01-29,159
2016-01-29,156
2017-01-29,198
2018-01-29,178
2019-01-29,200
2020-01-29,181
2021-01-29,189
2006-07-29,109
2007-07-29,102
2008-07-29,122
2009-07-29,125
2010-07-29,123
2011-07-29,130
2012-07-29,136
2013-07-29,183
2014-07-29,122
2015-07-29,159
2016-07-29,133
2017-07-29,154
2018-07-29,170
2019-07-29,168
2020-07-29,190
2006-06-29,111
2007-06-29,99
2008-06-29,134
2009-06-29,160
2010-06-29,135
2011-06-29,133
2012-06-29,121
2013-06-29,127
2014-06-29,142
2015-06-29,145
2016-06-29,170
2017-06-29,159
2018-06-29,150
2019-06-29,165
2020-06-29,243
2006-03-29,95
2007-03-29,117
2008-03-29,122
2009-03-29,108
2010-03-29,145
2011-03-29,150
2012-03-29,148
2013-03-29,132
2014-03-29,176
2015-03-29,168
2016-03-29,163
2017-03-29,156
2018-03-29,144
2019-03-29,165
2020-03-29,137
2021-03-29,208
2006-05-29,117
2007-05-29,138
2008-05-29,134
2009-05-29,148
2010-05-29,220
2011-05-29,153
2012-05-29,274
2013-05-29,169
2014-05-29,167
2015-05-29,171
2016-05-29,193
2017-05-29,198
2018-05-29,172
2019-05-29,204
2020-05-29,303
2021-05-29,325
2006-11-29,144
2007-11-29,144
2008-11-29,139
2009-11-29,167
2010-11-29,143
2011-11-29,167
2012-11-29,192
2013-11-29,154
2014-11-29,167
2015-11-29,202
2016-11-29,154
2017-11-29,207
2018-11-29,182
2019-11-29,188
2020-11-29,203
2006-10-29,179
2007-10-29,144
2008-10-29,161
2009-10-29,133
2010-10-29,126
2011-10-29,142
2012-10-29,172
2013-10-29,165
2014-10-29,175
2015-10-29,168
2016-10-29,151
2017-10-29,180
2018-10-29,197
2019-10-29,211
2020-10-29,205
2006-09-29,146
2007-09-29,136
2008-09-29,143
2009-09-29,138
2010-09-29,142
2011-09-29,142
2012-09-29,144
2013-09-29,127
2014-09-29,158
2015-09-29,141
2016-09-29,145
2017-09-29,192
2018-09-29,187
2019-09-29,175
2020-09-29,228
2006-04-30,146
2007-04-30,110
2008-04-30,152
2009-04-30,125
2010-04-30,136
2011-04-30,141
2012-04-30,159
2013-04-30,158
2014-04-30,151
2015-04-30,134
2016-04-30,157
2017-04-30,143
2018-04-30,181
2019-04-30,162
2020-04-30,154
2021-04-30,528
2006-08-30,149
2007-08-30,108
2008-08-30,123
2009-08-30,149
2010-08-30,160
2011-08-30,138
2012-08-30,132
2013-08-30,161
2014-08-30,145
2015-08-30,144
2016-08-30,140
2017-08-30,205
2018-08-30,165
2019-08-30,200
2020-08-30,245
2006-12-30,176
2007-12-30,147
2008-12-30,136
2009-12-30,169
2010-12-30,171
2011-12-30,145
2012-12-30,179
2013-12-30,165
2014-12-30,180
2015-12-30,190
2016-12-30,196
2017-12-30,168
2018-12-30,188
2019-12-30,162
2020-12-30,218
2006-01-30,152
2007-01-30,127
2008-01-30,151
2009-01-30,147
2010-01-30,161
2011-01-30,155
2012-01-30,155
2013-01-30,178
2014-01-30,165
2015-01-30,183
2016-01-30,161
2017-01-30,180
2018-01-30,191
2019-01-30,185
2020-01-30,175
2021-01-30,189
2006-07-30,117
2007-07-30,108
2008-07-30,133
2009-07-30,127
2010-07-30,150
2011-07-30,143
2012-07-30,139
2013-07-30,137
2014-07-30,148
2015-07-30,153
2016-07-30,135
2017-07-30,165
2018-07-30,176
2019-07-30,171
2020-07-30,191
2006-06-30,125
2007-06-30,87
2008-06-30,116
2009-06-30,113
2010-06-30,128
2011-06-30,161
2012-06-30,138
2013-06-30,156
2014-06-30,138
2015-06-30,157
2016-06-30,146
2017-06-30,169
2018-06-30,166
2019-06-30,172
2020-06-30,230
2006-03-30,111
2007-03-30,116
2008-03-30,146
2009-03-30,112
2010-03-30,150
2011-03-30,143
2012-03-30,130
2013-03-30,116
2014-03-30,160
2015-03-30,179
2016-03-30,130
2017-03-30,160
2018-03-30,153
2019-03-30,167
2020-03-30,143
2021-03-30,202
2006-05-30,134
2007-05-30,139
2008-05-30,112
2009-05-30,155
2010-05-30,186
2011-05-30,163
2012-05-30,304
2013-05-30,173
2014-05-30,205
2015-05-30,156
2016-05-30,177
2017-05-30,205
2018-05-30,177
2019-05-30,168
2020-05-30,313
2021-05-30,299
2006-11-30,140
2007-11-30,123
2008-11-30,133
2009-11-30,189
2010-11-30,151
2011-11-30,149
2012-11-30,165
2013-11-30,133
2014-11-30,168
2015-11-30,205
2016-11-30,163
2017-11-30,176
2018-11-30,173
2019-11-30,204
2020-11-30,233
2006-10-30,150
2007-10-30,117
2008-10-30,153
2009-10-30,136
2010-10-30,128
2011-10-30,132
2012-10-30,150
2013-10-30,161
2014-10-30,178
2015-10-30,199
2016-10-30,168
2017-10-30,182
2018-10-30,214
2019-10-30,185
2020-10-30,197
2006-09-30,149
2007-09-30,112
2008-09-30,138
2009-09-30,153
2010-09-30,156
2011-09-30,109
2012-09-30,133
2013-09-30,155
2014-09-30,155
2015-09-30,138
2016-09-30,169
2017-09-30,174
2018-09-30,159
2019-09-30,205
2020-09-30,238
2006-08-31,146
2007-08-31,109
2008-08-31,133
2009-08-31,104
2010-08-31,154
2011-08-31,130
2012-08-31,149
2013-08-31,132
2014-08-31,159
2015-08-31,161
2016-08-31,143
2017-08-31,186
2018-08-31,155
2019-08-31,177
2020-08-31,255
2006-12-31,131
2007-12-31,159
2008-12-31,147
2009-12-31,178
2010-12-31,162
2011-12-31,165
2012-12-31,157
2013-12-31,171
2014-12-31,189
2015-12-31,211
2016-12-31,176
2017-12-31,197
2018-12-31,184
2019-12-31,195
2020-12-31,200
2006-01-31,141
2007-01-31,138
2008-01-31,147
2009-01-31,143
2010-01-31,164
2011-01-31,175
2012-01-31,186
2013-01-31,165
2014-01-31,176
2015-01-31,182
2016-01-31,174
2017-01-31,184
2018-01-31,152
2019-01-31,175
2020-01-31,184
2021-01-31,185
2006-07-31,132
2007-07-31,94
2008-07-31,128
2009-07-31,99
2010-07-31,171
2011-07-31,131
2012-07-31,118
2013-07-31,158
2014-07-31,145
2015-07-31,126
2016-07-31,138
2017-07-31,158
2018-07-31,146
2019-07-31,184
2020-07-31,196
2006-03-31,136
2007-03-31,108
2008-03-31,135
2009-03-31,153
2010-03-31,131
2011-03-31,152
2012-03-31,131
2013-03-31,140
2014-03-31,142
2015-03-31,133
2016-03-31,152
2017-03-31,170
2018-03-31,162
2019-03-31,150
2020-03-31,143
2021-03-31,223
2006-05-31,119
2007-05-31,141
2008-05-31,125
2009-05-31,157
2010-05-31,145
2011-05-31,143
2012-05-31,293
2013-05-31,166
2014-05-31,182
2015-05-31,164
2016-05-31,155
2017-05-31,226
2018-05-31,200
2019-05-31,186
2020-05-31,281
2021-05-31,335
2006-10-31,186
2007-10-31,151
2008-10-31,149
2009-10-31,138
2010-10-31,142
2011-10-31,155
2012-10-31,186
2013-10-31,163
2014-10-31,160
2015-10-31,167
2016-10-31,136
2017-10-31,182
2018-10-31,212
2019-10-31,191
2020-10-31,170
